,name,link,price,closest_town,region,total_len,easy_len,intermediate_len,difficult_len
0, Vail ,https://www.skiresort.info/ski-resort/vail/,219.0,Vail,Colorado,234.0,57.0,84.0,93.0
1, Telluride ,https://www.skiresort.info/ski-resort/telluride/,169.0,Mountain Village,Colorado,88.2,6.7,51.7,29.8
2, Beaver Creek ,https://www.skiresort.info/ski-resort/beaver-creek/,218.0,Beaver Creek Village,Colorado,150.0,28.5,64.5,57.0
3, Mammoth Mountain ,https://www.skiresort.info/ski-resort/mammoth-mountain/,209.0,Mammoth Lakes,Mammoth Lakes,89.8,18.4,48.5,22.9
4, Snowmass ,https://www.skiresort.info/ski-resort/snowmass/,199.0,Snowmass Village,Aspen Snowmass,237.0,12.0,114.0,111.0
5, Breckenridge ,https://www.skiresort.info/ski-resort/breckenridge/,199.0,Breckenridge,Colorado,153.0,28.0,60.0,65.0
6, Keystone ,https://www.skiresort.info/ski-resort/keystone/,176.0,Keystone,Colorado,135.0,25.0,65.0,45.0
7, Killington ,https://www.skiresort.info/ski-resort/killington/,165.0,Killington,Vermont,117.0,19.9,46.7,50.2
8, Sunday River ,https://www.skiresort.info/ski-resort/sunday-river/,119.0,Sunday River,Maine,84.8,25.5,30.5,28.8
9, Heavenly ,https://www.skiresort.info/ski-resort/heavenly/,164.0,Heavenly Village,Lake Tahoe,94.0,18.0,42.0,34.0
10, Winter Park Resort ,https://www.skiresort.info/ski-resort/winter-park-resort/,164.0,Winter Park,Colorado,143.0,11.0,53.0,79.0
11, Stowe ,https://www.skiresort.info/ski-resort/stowe/,149.0,Stowe,Vermont,70.0,20.0,42.0,8.0
12, Squaw Valley ,https://www.skiresort.info/ski-resort/squaw-valley/,209.0,Olympic Valley,Lake Tahoe,100.0,25.0,45.0,30.0
13, Steamboat ,https://www.skiresort.info/ski-resort/steamboat/,199.0,Steamboat Springs,Colorado,165.0,25.0,95.0,45.0
14, Park City ,https://www.skiresort.info/ski-resort/park-city/,133.0,Park City,Salt Lake City,250.0,27.0,152.0,71.0
15, Big Sky Resort ,https://www.skiresort.info/ski-resort/big-sky-resort/,194.0,Big Sky Mountain Village,Montana,250.0,55.0,69.0,126.0
16, Aspen Highlands ,https://www.skiresort.info/ski-resort/aspen-highlands/,199.0,Highlands Village,Aspen Snowmass,135.0,24.3,40.5,70.2
17, Copper Mountain ,https://www.skiresort.info/ski-resort/copper-mountain/,189.0,Frisco,Colorado,126.0,30.0,40.0,56.0
18, Alpine Meadows ,https://www.skiresort.info/ski-resort/alpine-meadows/,209.0,Alpine Meadows,Lake Tahoe,100.0,25.0,40.0,35.0
19, Alta ,https://www.skiresort.info/ski-resort/alta/,125.0,Alta,N/A,116.0,29.0,46.4,40.6
20, Buttermilk Mountain ,https://www.skiresort.info/ski-resort/buttermilk-mountain/,199.0,Aspen,Aspen Snowmass,34.0,11.9,13.3,8.8
21, Jackson Hole ,https://www.skiresort.info/ski-resort/jackson-hole/,182.0,Teton Village,Wyoming,116.0,16.0,50.0,50.0
22, Deer Valley ,https://www.skiresort.info/ski-resort/deer-valley/,N/A,Park City, read more,103.0,28.0,42.0,33.0
23, Crested Butte ,https://www.skiresort.info/ski-resort/crested-butte/,151.0,Mount Crested Butte,Colorado,121.0,31.4,69.0,20.6
24, Powder Mountain ,https://www.skiresort.info/ski-resort/powder-mountain/,99.0,Eden,Utah,135.0,30.0,50.0,55.0
25, Whiteface – Lake Placid ,https://www.skiresort.info/ski-resort/whiteface-lake-placid/,115.0,Lake Placid,The Adirondacks,37.0,12.8,15.9,8.3
26, Mt. Bachelor ,https://www.skiresort.info/ski-resort/mt-bachelor/,169.0,Bend,Oregon,100.0,15.0,25.0,60.0
27, Northstar California Resort ,https://www.skiresort.info/ski-resort/northstar-california-resort/,170.0,Truckee,Lake Tahoe,97.0,25.0,45.0,27.0
28, Yellowstone Club ,https://www.skiresort.info/ski-resort/yellowstone-club/,N/A,Yellowstone Club,Montana,80.0,30.0,30.0,20.0
29, Snowbird ,https://www.skiresort.info/ski-resort/snowbird/,165.0,Snowbird,Salt Lake City,103.0,27.0,38.0,38.0
30, Bald Mountain – Sun Valley ,https://www.skiresort.info/ski-resort/bald-mountain-sun-valley/,165.0,N/A,Idaho,92.0,35.0,40.0,17.0
31, Schweitzer Mountain Resort ,https://www.skiresort.info/ski-resort/schweitzer-mountain-resort/,95.0,Sandpoint,Idaho,95.0,20.0,40.0,35.0
32, Arapahoe Basin ,https://www.skiresort.info/ski-resort/arapahoe-basin/,158.0,Keystone,Colorado,105.0,40.0,25.0,40.0
33, Mt. Hood Meadows ,https://www.skiresort.info/ski-resort/mt-hood-meadows/,129.0,Government Camp,Oregon,90.0,13.5,45.0,31.5
34, Stratton ,https://www.skiresort.info/ski-resort/stratton/,125.0,Stratton,Vermont,92.0,60.0,20.0,12.0
35, Wenatchee – Mission Ridge ,https://www.skiresort.info/ski-resort/wenatchee-mission-ridge/,74.0,Wenatchee,Washington State,100.0,10.0,60.0,30.0
36, Taos ,https://www.skiresort.info/ski-resort/taos/,128.0,Taos Ski Valley,New Mexico,113.0,27.0,28.0,58.0
37, Mt. Rose ,https://www.skiresort.info/ski-resort/mt-rose/,145.0,Reno,Lake Tahoe,100.0,20.0,30.0,50.0
38, Aspen Mountain ,https://www.skiresort.info/ski-resort/aspen-mountain/,199.0,Aspen,Aspen Snowmass,103.0,0.0,49.0,54.0
39, Sugar Bowl ,https://www.skiresort.info/ski-resort/sugar-bowl/,125.0,Truckee,Lake Tahoe,90.0,15.3,40.5,34.2
40, Whitefish Mountain Resort ,https://www.skiresort.info/ski-resort/whitefish-mountain-resort/,85.0,Whitefish Mountain Village,Montana,91.0,18.0,46.0,27.0
41, Angel Fire ,https://www.skiresort.info/ski-resort/angel-fire/,79.0,Angel Fire,New Mexico,75.0,40.0,28.0,7.0
42, Wolf Creek ,https://www.skiresort.info/ski-resort/wolf-creek/,80.0,Pagosa Springs,Colorado,100.0,20.0,35.0,45.0
43, Sugarbush ,https://www.skiresort.info/ski-resort/sugarbush/,119.0,Warren,Vermont,85.0,17.0,38.0,30.0
44, Purgatory – Durango ,https://www.skiresort.info/ski-resort/purgatory-durango/,89.0,Durango,Colorado,85.0,15.0,40.0,30.0
45, Sugarloaf ,https://www.skiresort.info/ski-resort/sugarloaf/,119.0,Carrabassett Valley,Maine,87.0,20.0,30.0,37.0
46, Brighton ,https://www.skiresort.info/ski-resort/brighton/,97.0,Sandy,Salt Lake City,66.0,10.0,18.0,38.0
47, Okemo ,https://www.skiresort.info/ski-resort/okemo/,119.0,Ludlow,Vermont,70.0,22.0,26.0,22.0
48, Mt. Baker ,https://www.skiresort.info/ski-resort/mt-baker/,68.58,Glacier,Washington State,100.0,24.0,45.0,31.0
49, Bolton Valley ,https://www.skiresort.info/ski-resort/bolton-valley/,84.0,Burlington,Vermont,30.0,15.0,10.0,5.0
50, Jay Peak ,https://www.skiresort.info/ski-resort/jay-peak/,89.0,Jay,Vermont,76.0,15.0,31.0,30.0
51, Solitude ,https://www.skiresort.info/ski-resort/solitude/,125.0,Salt Lake City,Salt Lake City,64.0,20.0,30.0,14.0
52, Brian Head ,https://www.skiresort.info/ski-resort/brian-head/,59.0,Parowan,Utah,71.0,22.0,24.0,25.0
53, Bear Valley ,https://www.skiresort.info/ski-resort/bear-valley/,99.0,Bear Valley,California,67.0,17.0,27.0,23.0
54, Alyeska Resort – Girdwood ,https://www.skiresort.info/ski-resort/alyeska-resort-girdwood/,89.0,Anchorage,Alaska,62.0,14.0,31.0,17.0
55, Bretton Woods ,https://www.skiresort.info/ski-resort/bretton-woods/,104.0,Twin Mountain,New Hampshire,56.0,25.0,16.0,15.0
56, Mount Snow ,https://www.skiresort.info/ski-resort/mount-snow/,110.0,West Dover,Vermont,60.0,6.0,46.0,8.0
57, Red Lodge Mountain ,https://www.skiresort.info/ski-resort/red-lodge-mountain/,84.0,Red Lodge,Montana,65.0,11.0,30.0,24.0
58, Smugglers' Notch ,https://www.skiresort.info/ski-resort/smugglers-notch/,90.0,Jeffersonville,Vermont,78.0,13.0,41.0,24.0
59, Bridger Bowl – Bozeman ,https://www.skiresort.info/ski-resort/bridger-bowl-bozeman/,63.0,Bozeman,Montana,71.0,20.0,26.0,25.0
60, Bogus Basin ,https://www.skiresort.info/ski-resort/bogus-basin/,64.0,Boise,Idaho,50.0,11.0,22.0,17.0
61, Kirkwood ,https://www.skiresort.info/ski-resort/kirkwood/,119.0,Kirkwood,Lake Tahoe,65.0,15.0,30.0,20.0
62, Gore Mountain ,https://www.skiresort.info/ski-resort/gore-mountain/,94.0,North Creek,The Adirondacks,58.2,6.7,28.2,23.3
63, Sierra at Tahoe ,https://www.skiresort.info/ski-resort/sierra-at-tahoe/,115.0,South Lake Tahoe,Lake Tahoe,46.5,12.0,23.0,11.5
64, Crystal Mountain (WA) ,https://www.skiresort.info/ski-resort/crystal-mountain-wa/,149.0,Enumclaw,Washington State,50.0,8.0,27.0,15.0
65, 49 Degrees North Mountain Resort ,https://www.skiresort.info/ski-resort/49-degrees-north-mountain-resort/,62.0,Chewelah,Washington State,68.0,20.0,27.0,21.0
66, Timberline ,https://www.skiresort.info/ski-resort/timberline/,89.0,Welches,Oregon,31.0,8.0,15.0,8.0
67, Snowbasin ,https://www.skiresort.info/ski-resort/snowbasin/,135.0,Huntsville (Utah),Utah,48.0,5.0,28.0,15.0
68, Loon Mountain ,https://www.skiresort.info/ski-resort/loon-mountain/,104.0,Lincoln,New Hampshire,45.0,13.0,26.0,6.0
69, Apache ,https://www.skiresort.info/ski-resort/apache/,74.0,Ruidoso,New Mexico,55.0,12.0,18.0,25.0
70, Hunter Mountain ,https://www.skiresort.info/ski-resort/hunter-mountain/,91.0,Tannersville,The Catskills,55.0,18.0,18.0,19.0
71, Tamarack Resort ,https://www.skiresort.info/ski-resort/tamarack-resort/,100.0,Donnelly,Idaho,42.0,12.0,20.0,10.0
72, Windham Mountain ,https://www.skiresort.info/ski-resort/windham-mountain/,98.0,Windham,The Catskills,46.0,20.0,16.0,10.0
73, Arizona Snowbowl ,https://www.skiresort.info/ski-resort/arizona-snowbowl/,99.0,Flagstaff,Arizona,37.0,12.0,14.0,11.0
74, Mt. Hood Skibowl ,https://www.skiresort.info/ski-resort/mt-hood-skibowl/,59.0,Government Camp,Oregon,65.0,15.0,15.0,35.0
75, Grand Targhee ,https://www.skiresort.info/ski-resort/grand-targhee/,110.0,Driggs,Wyoming,35.0,5.0,15.0,15.0
76, Holiday Valley ,https://www.skiresort.info/ski-resort/holiday-valley/,85.0,Ellicottville,Chautauqua-Allegheny,48.0,16.0,13.0,19.0
77, Stevens Pass ,https://www.skiresort.info/ski-resort/stevens-pass/,100.0,Skykomish,Washington State,39.0,6.0,18.0,15.0
78, Cannon Mountain ,https://www.skiresort.info/ski-resort/cannon-mountain/,79.0,Franconia,New Hampshire,50.0,15.0,25.0,10.0
79, Lutsen Mountains ,https://www.skiresort.info/ski-resort/lutsen-mountains/,84.0,Lutsen,Minnesota,40.0,8.0,19.0,13.0
80, Eldora Mountain ,https://www.skiresort.info/ski-resort/eldora-mountain/,129.0,Nederland,Colorado,52.0,11.0,26.0,15.0
81, Loveland ,https://www.skiresort.info/ski-resort/loveland/,89.0,Silverthorne,Colorado,93.0,12.0,38.0,43.0
82, Pico Mountain ,https://www.skiresort.info/ski-resort/pico-mountain/,85.0,Killington,Vermont,30.4,5.4,14.0,11.0
83, White Pass ,https://www.skiresort.info/ski-resort/white-pass/,69.0,Naches,Washington State,30.0,10.0,12.0,8.0
84, Lost Trail Powder Mountain ,https://www.skiresort.info/ski-resort/lost-trail-powder-mountain/,46.0,Sula,Montana,50.0,15.0,25.0,10.0
85, Powderhorn ,https://www.skiresort.info/ski-resort/powderhorn/,79.0,Mesa,Colorado,38.0,5.0,15.0,18.0
86, Gunstock ,https://www.skiresort.info/ski-resort/gunstock/,92.0,Gilford,New Hampshire,40.0,5.0,25.0,10.0
87, June Mountain ,https://www.skiresort.info/ski-resort/june-mountain/,129.0,June Lake,Mammoth Lakes,35.7,2.1,12.9,20.7
88, China Peak ,https://www.skiresort.info/ski-resort/china-peak/,104.0,Clovis,California,50.0,20.0,17.0,13.0
89, Donner Ski Ranch ,https://www.skiresort.info/ski-resort/donner-ski-ranch/,79.0,Truckee,Lake Tahoe,52.0,13.0,26.0,13.0
90, Mad River Glen ,https://www.skiresort.info/ski-resort/mad-river-glen/,92.0,Waitsfield,Vermont,46.0,14.0,17.0,15.0
91, Discovery Ski Area ,https://www.skiresort.info/ski-resort/discovery-ski-area/,49.0,Philipsburg,Montana,45.0,12.0,12.0,21.0
92, Great Divide ,https://www.skiresort.info/ski-resort/great-divide/,48.0,Marysville,Montana,50.0,10.0,20.0,20.0
93, Dodge Ridge ,https://www.skiresort.info/ski-resort/dodge-ridge/,78.0,Sonora,California,50.0,10.0,20.0,20.0
94, Cranmore Mountain Resort ,https://www.skiresort.info/ski-resort/cranmore-mountain-resort/,89.0,North Conway,New Hampshire,43.0,16.0,19.0,8.0
95, Attitash Mountain Resort ,https://www.skiresort.info/ski-resort/attitash-mountain-resort/,94.0,North Conway,New Hampshire,37.0,7.4,17.4,12.2
96, Mt. Sunapee ,https://www.skiresort.info/ski-resort/mt-sunapee/,99.0,Newbury,New Hampshire,30.0,8.0,16.0,6.0
97, Sundance ,https://www.skiresort.info/ski-resort/sundance/,85.0,Provo,Utah,44.0,15.0,20.0,9.0
98, Silver Mountain ,https://www.skiresort.info/ski-resort/silver-mountain/,62.0,Kellogg,Idaho,25.0,4.0,8.0,13.0
99, Brundage Mountain ,https://www.skiresort.info/ski-resort/brundage-mountain/,70.0,McCall,Idaho,30.0,6.0,15.0,9.0
100, Bear Mountain – Big Bear Lake ,https://www.skiresort.info/ski-resort/bear-mountain-big-bear-lake/,N/A,Big Bear Lake,California,27.2,8.0,11.2,8.0
101, Terry Peak ,https://www.skiresort.info/ski-resort/terry-peak/,58.0,Lead,South Dakota,16.0,4.7,7.2,4.1
102, Ragged Mountain ,https://www.skiresort.info/ski-resort/ragged-mountain/,84.0,Danbury,New Hampshire,22.5,4.5,10.0,8.0
103, Snowshoe Mountain ,https://www.skiresort.info/ski-resort/snowshoe-mountain/,119.0,Marlinton,West Virginia,31.0,14.0,11.0,6.0
104, Saddleback ,https://www.skiresort.info/ski-resort/saddleback/,79.0,Rangeley,Maine,22.0,4.0,8.0,10.0
105, Snow Valley ,https://www.skiresort.info/ski-resort/snow-valley/,89.0,Highland,California,34.0,4.0,20.0,10.0
106, Beaver Mountain ,https://www.skiresort.info/ski-resort/beaver-mountain/,50.0,Logan,Utah,30.0,10.0,12.0,8.0
107, Wildcat Mountain ,https://www.skiresort.info/ski-resort/wildcat-mountain/,94.0,Jackson,New Hampshire,25.0,5.2,12.1,7.7
108, Santa Fé ,https://www.skiresort.info/ski-resort/santa-fe/,80.0,Santa Fe,New Mexico,34.0,9.0,15.0,10.0
109, Timberline Mountain ,https://www.skiresort.info/ski-resort/timberline-mountain/,84.0,Davis,West Virginia,18.0,6.0,6.0,6.0
110, Camelback ,https://www.skiresort.info/ski-resort/camelback/,70.0,Stroudsburg,Pennsylvania,34.0,20.0,11.0,3.0
111, Waterville Valley ,https://www.skiresort.info/ski-resort/waterville-valley/,96.0,Waterville Valley,New Hampshire,25.0,3.5,16.0,5.5
112, Willamette Pass – Crescent ,https://www.skiresort.info/ski-resort/willamette-pass-crescent/,60.0,Crescent,Oregon,29.0,6.0,13.0,10.0
113, Snow Summit – Big Bear Lake ,https://www.skiresort.info/ski-resort/snow-summit-big-bear-lake/,N/A,Big Bear Lake,California,29.0,10.0,12.0,7.0
114, Montana Snowbowl ,https://www.skiresort.info/ski-resort/montana-snowbowl/,50.0,Missoula,Montana,31.0,5.0,12.0,14.0
115, Lookout Pass ,https://www.skiresort.info/ski-resort/lookout-pass/,49.0,Mullan,Idaho,31.0,8.0,14.0,9.0
116, Mountain Creek – Vernon ,https://www.skiresort.info/ski-resort/mountain-creek-vernon/,79.99,Vernon Township,New Jersey,24.0,4.0,14.0,6.0
117, Belleayre Mountain ,https://www.skiresort.info/ski-resort/belleayre-mountain/,95.0,Margaretville,The Catskills,20.0,5.0,11.0,4.0
118, Haystack Mountain – The Hermitage Club ,https://www.skiresort.info/ski-resort/haystack-mountain-the-hermitage-club/,N/A,Wilmington,Vermont,19.3,5.6,9.5,4.2
119, Monarch ,https://www.skiresort.info/ski-resort/monarch/,89.0,Salida,Colorado,31.0,5.0,14.0,12.0
120, The Summit at Snoqualmie ,https://www.skiresort.info/ski-resort/the-summit-at-snoqualmie/,95.0,North Bend,Washington State,27.9,5.2,13.7,9.0
121, Mt. Spokane ,https://www.skiresort.info/ski-resort/mt-spokane/,62.0,Mead,Washington State,26.0,7.0,5.0,14.0
122, Sandia Peak ,https://www.skiresort.info/ski-resort/sandia-peak/,55.0,Sandia Park,New Mexico,31.0,8.0,20.0,3.0
123, Bristol Mountain ,https://www.skiresort.info/ski-resort/bristol-mountain/,79.0,Rochester,Finger Lakes,20.0,6.0,10.0,4.0
124, Wachusett Mountain ,https://www.skiresort.info/ski-resort/wachusett-mountain/,71.0,Westminster,Massachusetts,12.0,3.6,4.8,3.6
125, Pats Peak ,https://www.skiresort.info/ski-resort/pats-peak/,72.0,Henniker,New Hampshire,33.0,10.0,8.0,15.0
126, Boyne Highlands ,https://www.skiresort.info/ski-resort/boyne-highlands/,98.0,Harbor Springs,Michigan,25.7,10.3,7.7,7.7
127, Granby Ranch ,https://www.skiresort.info/ski-resort/granby-ranch/,84.0,N/A,Colorado,20.0,6.0,10.0,4.0
128, Granite Peak at Rib Mountain State Park ,https://www.skiresort.info/ski-resort/granite-peak-at-rib-mountain-state-park/,82.0,Wausau,Wisconsin,20.0,10.0,5.0,5.0
129, Magic Mountain ,https://www.skiresort.info/ski-resort/magic-mountain/,74.0,Londonderry,Vermont,23.0,7.0,7.0,9.0
130, Diamond Peak ,https://www.skiresort.info/ski-resort/diamond-peak/,109.0,Incline Village,Lake Tahoe,16.3,1.6,7.1,7.6
131, Homewood Mountain Resort ,https://www.skiresort.info/ski-resort/homewood-mountain-resort/,N/A,Homewood,Lake Tahoe,20.0,6.0,13.0,1.0
132, Sugar Mountain ,https://www.skiresort.info/ski-resort/sugar-mountain/,75.0,Sugar Mountain,North Carolina,14.0,4.0,7.0,3.0
133, Titus Mountain ,https://www.skiresort.info/ski-resort/titus-mountain/,49.0,Malone,The Adirondacks,27.0,10.0,10.0,7.0
134, Maverick Mountain ,https://www.skiresort.info/ski-resort/maverick-mountain/,39.0,Polaris,Montana,20.0,6.0,8.0,6.0
135, Soldier Mountain ,https://www.skiresort.info/ski-resort/soldier-mountain/,43.0,Fairfield,Idaho,25.0,9.0,8.0,8.0
136, Mountain High East ,https://www.skiresort.info/ski-resort/mountain-high-east/,84.0,Wrightwood,California,11.0,2.0,5.0,4.0
137, Boreal ,https://www.skiresort.info/ski-resort/boreal/,N/A,Truckee,Lake Tahoe,20.0,6.0,11.0,3.0
138, Mt. Baldy ,https://www.skiresort.info/ski-resort/mt-baldy/,76.0,Mt Baldy,California,20.0,3.0,6.0,11.0
139, Shawnee Peak ,https://www.skiresort.info/ski-resort/shawnee-peak/,75.0,Bridgton,Maine,23.0,4.0,12.0,7.0
140, Holimont ,https://www.skiresort.info/ski-resort/holimont/,75.0,Ellicottville,Chautauqua-Allegheny,20.0,4.0,6.0,10.0
141, Mt. Shasta Ski Park ,https://www.skiresort.info/ski-resort/mt-shasta-ski-park/,65.0,McCloud,California,23.0,5.0,8.0,10.0
142, Sunlight Mountain ,https://www.skiresort.info/ski-resort/sunlight-mountain/,65.0,Glenwood Springs,Colorado,20.0,4.0,11.0,5.0
143, Pebble Creek ,https://www.skiresort.info/ski-resort/pebble-creek/,47.0,Inkom,Idaho,19.0,6.0,9.0,4.0
144, Cooper ,https://www.skiresort.info/ski-resort/cooper/,56.0,Leadville,Colorado,26.0,8.0,10.0,8.0
145, Butternut ,https://www.skiresort.info/ski-resort/butternut/,65.0,Great Barrington,Massachusetts,22.0,4.4,13.2,4.4
146, Showdown ,https://www.skiresort.info/ski-resort/showdown/,47.0,White Sulphur Springs,Montana,20.0,6.0,8.0,6.0
147, Cascade Mountain ,https://www.skiresort.info/ski-resort/cascade-mountain/,69.0,N/A,Wisconsin,14.0,5.0,5.0,4.0
148, Cherry Peak ,https://www.skiresort.info/ski-resort/cherry-peak/,40.0,Logan,Utah,20.0,5.0,10.0,5.0
149, Seven Springs ,https://www.skiresort.info/ski-resort/seven-springs/,89.0,Champion,Pennsylvania,17.0,6.0,7.0,4.0
150, Deer Mountain  (temporarily closed) ,https://www.skiresort.info/ski-resort/deer-mountain/,N/A,Lead,South Dakota,22.0,10.0,7.0,5.0
151, Red River ,https://www.skiresort.info/ski-resort/red-river/,79.0,Red River,New Mexico,20.0,7.0,6.0,7.0
152, Burke Mountain ,https://www.skiresort.info/ski-resort/burke-mountain/,73.0,Saint Johnsbury,Vermont,10.0,2.0,4.0,4.0
153, Nordic Valley ,https://www.skiresort.info/ski-resort/nordic-valley/,50.0,Eden,Utah,9.5,2.5,4.0,3.0
154, Eagle Point ,https://www.skiresort.info/ski-resort/eagle-point/,70.0,Beaver,Utah,20.0,6.0,9.0,5.0
155, Greek Peak ,https://www.skiresort.info/ski-resort/greek-peak/,84.0,Virgil,Finger Lakes,19.0,9.0,4.0,6.0
156, Wintergreen Resort ,https://www.skiresort.info/ski-resort/wintergreen-resort/,89.0,Wintergreen,Virginia,10.0,2.0,4.0,4.0
157, Mountain High West ,https://www.skiresort.info/ski-resort/mountain-high-west/,84.0,Wrightwood,California,15.0,3.0,5.0,7.0
158, Spirit Mountain ,https://www.skiresort.info/ski-resort/spirit-mountain/,59.0,Duluth,Minnesota,11.0,4.0,5.0,2.0
159, Bigrock Mountain ,https://www.skiresort.info/ski-resort/bigrock-mountain/,40.0,Houlton,Maine,20.0,2.0,14.0,4.0
160, Arctic Valley ,https://www.skiresort.info/ski-resort/arctic-valley/,45.0,Anchorage,Alaska,25.0,5.0,10.0,10.0
161, Shawnee Mountain ,https://www.skiresort.info/ski-resort/shawnee-mountain/,65.0,Stroudsburg,Pennsylvania,18.0,4.0,9.0,5.0
162, Pine Creek ,https://www.skiresort.info/ski-resort/pine-creek/,45.0,Cokeville,Wyoming,16.0,4.0,7.0,5.0
163, Wisp – McHenry (Deep Creek Lake) ,https://www.skiresort.info/ski-resort/wisp-mchenry-deep-creek-lake/,89.0,McHenry,Maryland,16.0,5.6,6.1,4.3
164, Kissing Bridge ,https://www.skiresort.info/ski-resort/kissing-bridge/,60.0,Boston,Greater Niagara,17.8,4.5,4.8,8.5
165, Skiland – Mt. Aurora ,https://www.skiresort.info/ski-resort/skiland-mt-aurora/,40.0,Fairbanks,Alaska,17.0,4.0,9.0,4.0
166, Hoodoo Ski Area ,https://www.skiresort.info/ski-resort/hoodoo-ski-area/,59.0,Sisters,Oregon,17.0,6.0,8.0,3.0
167, Alpental ,https://www.skiresort.info/ski-resort/alpental/,95.0,North Bend,Washington State,9.6,0.5,2.3,6.8
168, Eaglecrest – Juneau ,https://www.skiresort.info/ski-resort/eaglecrest-juneau/,59.0,Juneau,Alaska,17.0,3.4,6.8,6.8
169, Snowy Range ,https://www.skiresort.info/ski-resort/snowy-range/,49.0,Centennial,Wyoming,16.5,4.5,9.0,3.0
170, Plattekill ,https://www.skiresort.info/ski-resort/plattekill/,67.0,Roxbury,The Catskills,16.5,4.5,6.0,6.0
171, Boyne Mountain ,https://www.skiresort.info/ski-resort/boyne-mountain/,98.0,Boyne Falls,Michigan,14.0,4.5,6.0,3.5
172, Blue Knob ,https://www.skiresort.info/ski-resort/blue-knob/,75.0,Altoona,Pennsylvania,16.0,5.0,8.0,3.0
173, Nub's Nob Ski Area ,https://www.skiresort.info/ski-resort/nubs-nob-ski-area/,85.0,Harbor Springs,Michigan,18.9,6.2,9.0,3.7
174, Labrador Mountain ,https://www.skiresort.info/ski-resort/labrador-mountain/,61.0,Tully,Finger Lakes,17.0,6.0,6.0,5.0
175, Giants Ridge ,https://www.skiresort.info/ski-resort/giants-ridge/,58.0,Biwabik,Minnesota,12.0,4.0,5.0,3.0
176, Middlebury College Snow Bowl ,https://www.skiresort.info/ski-resort/middlebury-college-snow-bowl/,60.0,Hancock,Vermont,15.0,5.0,4.0,6.0
177, Pomerelle ,https://www.skiresort.info/ski-resort/pomerelle/,45.0,Malta,Idaho,15.0,4.0,7.0,4.0
178, Sipapu ,https://www.skiresort.info/ski-resort/sipapu/,55.0,Vadito,New Mexico,18.0,3.0,7.0,8.0
179, Catamount ,https://www.skiresort.info/ski-resort/catamount/,69.0,Great Barrington,Hudson Valley,15.0,8.0,4.0,3.0
180, Beech Mountain ,https://www.skiresort.info/ski-resort/beech-mountain/,70.0,Banner Elk,North Carolina,14.0,3.0,7.0,4.0
181, Sleeping Giant ,https://www.skiresort.info/ski-resort/sleeping-giant/,46.0,Cody,Wyoming,17.0,3.0,8.0,6.0
182, Dollar Mountain – Sun Valley ,https://www.skiresort.info/ski-resort/dollar-mountain-sun-valley/,139.0,N/A,Idaho,9.0,7.0,2.0,0.0
183, Whitetail ,https://www.skiresort.info/ski-resort/whitetail/,79.0,Mercersburg,Pennsylvania,10.2,1.5,5.6,3.1
184, Mt. Ashland ,https://www.skiresort.info/ski-resort/mt-ashland/,52.0,Ashland,Oregon,13.0,1.0,7.0,5.0
185, Shanty Creek Resorts – Schuss Mountain ,https://www.skiresort.info/ski-resort/shanty-creek-resorts-schuss-mountain/,73.0,Bellaire,Michigan,12.0,5.0,4.0,3.0
186, Kelly Canyon ,https://www.skiresort.info/ski-resort/kelly-canyon/,42.0,Ririe,Idaho,12.0,4.0,5.0,3.0
187, Jiminy Peak ,https://www.skiresort.info/ski-resort/jiminy-peak/,91.0,Hancock,Massachusetts,9.1,4.1,2.0,3.0
188, Song Mountain ,https://www.skiresort.info/ski-resort/song-mountain/,59.0,Tully,Finger Lakes,13.0,4.5,6.0,2.5
189, Crotched Mountain ,https://www.skiresort.info/ski-resort/crotched-mountain/,69.0,Keene,New Hampshire,8.0,2.5,4.0,1.5
190, Mt. Kato ,https://www.skiresort.info/ski-resort/mt-kato/,46.0,Mankato,Minnesota,12.0,2.5,4.5,5.0
191, Loup Loup Ski Bowl ,https://www.skiresort.info/ski-resort/loup-loup-ski-bowl/,50.0,Twisp,Washington State,11.0,3.0,5.0,3.0
192, White Pine – Pinedale ,https://www.skiresort.info/ski-resort/white-pine-pinedale/,49.0,Pinedale,Wyoming,11.6,3.7,2.6,5.3
193, Caberfae Peaks ,https://www.skiresort.info/ski-resort/caberfae-peaks/,59.0,Cadillac,Michigan,11.0,4.0,5.0,2.0
194, Tahoe Donner ,https://www.skiresort.info/ski-resort/tahoe-donner/,89.0,Truckee,Lake Tahoe,14.0,6.0,8.0,0.0
195, Big Powderhorn Mountain ,https://www.skiresort.info/ski-resort/big-powderhorn-mountain/,69.0,Bessemer,Michigan,10.0,3.5,3.5,3.0
196, Snow King Mountain – Jackson ,https://www.skiresort.info/ski-resort/snow-king-mountain-jackson/,59.0,Jackson,Wyoming,9.0,3.0,2.5,3.5
197, Bear Creek Mountain Resort ,https://www.skiresort.info/ski-resort/bear-creek-mountain-resort/,60.0,Allentown,Pennsylvania,10.0,3.0,4.0,3.0
198, Bromley Mountain ,https://www.skiresort.info/ski-resort/bromley-mountain/,91.0,Manchester,Vermont,45.0,15.0,18.0,12.0
199, Mt. Bohemia ,https://www.skiresort.info/ski-resort/mt-bohemia/,68.0,Mohawk,Michigan,13.0,0.0,3.0,10.0
200, Swain ,https://www.skiresort.info/ski-resort/swain/,59.0,Swain,Chautauqua-Allegheny,10.9,3.0,4.2,3.7
201, Suicide Six ,https://www.skiresort.info/ski-resort/suicide-six/,75.0,Woodstock,Vermont,10.5,3.5,4.0,3.0
202, Teton Pass ,https://www.skiresort.info/ski-resort/teton-pass/,50.0,Choteau,Montana,15.0,6.0,5.0,4.0
203, Meadowlark Ski Lodge ,https://www.skiresort.info/ski-resort/meadowlark-ski-lodge/,48.0,Ten Sleep,Wyoming,10.0,3.0,4.0,3.0
204, Cooper Spur ,https://www.skiresort.info/ski-resort/cooper-spur/,39.0,Hood River,Oregon,10.0,4.0,4.0,2.0
205, Oak Mountain ,https://www.skiresort.info/ski-resort/oak-mountain/,40.0,Speculator,The Adirondacks,12.0,6.0,4.0,2.0
206, Montage Mountain Resort ,https://www.skiresort.info/ski-resort/montage-mountain-resort/,67.0,Scranton,Pennsylvania,9.5,2.0,4.0,3.5
207, Whaleback ,https://www.skiresort.info/ski-resort/whaleback/,45.0,Enfield,New Hampshire,11.5,5.2,2.8,3.5
208, Soda Springs ,https://www.skiresort.info/ski-resort/soda-springs/,54.0,Truckee,Lake Tahoe,10.0,3.0,5.0,2.0
209, Mt. Waterman ,https://www.skiresort.info/ski-resort/mt-waterman/,60.0,La Cañada Flintridge,California,10.0,2.0,2.0,6.0
210, West Mountain ,https://www.skiresort.info/ski-resort/west-mountain/,79.0,Glens Falls,The Adirondacks,9.7,5.9,2.1,1.7
211, Spout Springs  (temporarily closed) ,https://www.skiresort.info/ski-resort/spout-springs/,35.0,Weston,Oregon,9.5,3.0,5.0,1.5
212, Pine Mountain ,https://www.skiresort.info/ski-resort/pine-mountain/,45.0,Iron Mountain,Michigan,9.5,2.5,5.5,1.5
213, Liberty Mountain ,https://www.skiresort.info/ski-resort/liberty-mountain/,77.0,Fairfield,Pennsylvania,9.0,3.0,4.0,2.0
214, Marquette Mountain ,https://www.skiresort.info/ski-resort/marquette-mountain/,54.0,Marquette,Michigan,10.0,1.5,5.0,3.5
215, Anthony Lakes Mountain Resort ,https://www.skiresort.info/ski-resort/anthony-lakes-mountain-resort/,40.0,Baker City,Oregon,10.0,2.0,3.8,4.2
216, Otsego – Gaylord ,https://www.skiresort.info/ski-resort/otsego-gaylord/,65.0,Gaylord,Michigan,7.0,3.0,2.0,2.0
217, Big Squaw ,https://www.skiresort.info/ski-resort/big-squaw/,30.0,Bangor,Maine,8.0,3.0,3.0,2.0
218, Mohawk Mountain ,https://www.skiresort.info/ski-resort/mohawk-mountain/,67.0,Cornwall,Connecticut,8.0,3.0,2.0,3.0
219, Bear Paw Ski Bowl ,https://www.skiresort.info/ski-resort/bear-paw-ski-bowl/,25.0,Havre,Montana,10.0,3.0,6.0,1.0
220, Big Bear at Masthope Mountain ,https://www.skiresort.info/ski-resort/big-bear-at-masthope-mountain/,64.0,Scranton,Pennsylvania,7.0,3.0,2.0,2.0
221, Bousquet ,https://www.skiresort.info/ski-resort/bousquet/,47.0,Pittsfield,Massachusetts,8.0,3.0,2.0,3.0
222, Alpine Mountain Ski & Snow Tubing Center  (temporarily closed) ,https://www.skiresort.info/ski-resort/alpine-mountain-ski-snow-tubing-center/,55.0,Henryville,Pennsylvania,8.0,2.0,4.0,2.0
223, Royal Mountain ,https://www.skiresort.info/ski-resort/royal-mountain/,45.0,Caroga Lake,Capital-Saratoga Region,7.5,2.5,3.0,2.0
224, Badger Pass ,https://www.skiresort.info/ski-resort/badger-pass/,62.0,Mariposa,California,10.0,3.5,5.0,1.5
225, Afton Alps ,https://www.skiresort.info/ski-resort/afton-alps/,58.0,Hastings,Minnesota,8.0,3.0,3.0,2.0
226, Massanutten ,https://www.skiresort.info/ski-resort/massanutten/,77.0,Massanutten,Virginia,8.0,2.0,3.5,2.5
227, Hesperus Ski Area ,https://www.skiresort.info/ski-resort/hesperus-ski-area/,39.0,Durango,Colorado,10.0,3.0,5.0,2.0
228, Spring Mountain ,https://www.skiresort.info/ski-resort/spring-mountain/,48.0,Schwenksville,Pennsylvania,8.5,4.0,2.5,2.0
229, Roundtop ,https://www.skiresort.info/ski-resort/roundtop/,73.0,Lewisberry,Pennsylvania,7.5,1.5,3.0,3.0
230, Mt. La Crosse ,https://www.skiresort.info/ski-resort/mt-la-crosse/,56.0,La Crosse,Wisconsin,7.0,1.5,3.0,2.5
231, Sitzmark ,https://www.skiresort.info/ski-resort/sitzmark/,45.0,Oroville,Washington State,7.5,2.0,3.0,2.5
232, Mt. Lemmon Ski Valley ,https://www.skiresort.info/ski-resort/mt-lemmon-ski-valley/,47.0,Summerhaven,Arizona,8.5,2.5,4.0,2.0
233, Laurel Mountain ,https://www.skiresort.info/ski-resort/laurel-mountain/,64.0,Jennerstown,Pennsylvania,8.0,4.0,3.0,1.0
234, Norway Mountain ,https://www.skiresort.info/ski-resort/norway-mountain/,N/A,Norway,Michigan,8.0,2.5,3.5,2.0
235, Black Mountain – Rumford ,https://www.skiresort.info/ski-resort/black-mountain-rumford/,45.0,Rumford,Maine,8.0,2.0,3.5,2.5
236, Alpine Valley Resort – Elkhorn ,https://www.skiresort.info/ski-resort/alpine-valley-resort-elkhorn/,66.0,Elkhorn,Wisconsin,4.0,1.5,1.5,1.0
237, Ski Brule ,https://www.skiresort.info/ski-resort/ski-brule/,55.0,Iron River,Michigan,7.5,2.0,4.0,1.5
238, Cataloochee ,https://www.skiresort.info/ski-resort/cataloochee/,70.0,Waynesville,North Carolina,6.0,1.5,3.0,1.5
239, Las Vegas Ski and Snowboard Resort – Lee Canyon ,https://www.skiresort.info/ski-resort/las-vegas-ski-and-snowboard-resort-lee-canyon/,72.0,Las Vegas,Nevada,7.3,0.3,5.0,2.0
240, Hogadon Ski Area ,https://www.skiresort.info/ski-resort/hogadon-ski-area/,N/A,Casper,Wyoming,5.0,1.9,1.6,1.5
241, McCauly Mountain ,https://www.skiresort.info/ski-resort/mccauly-mountain/,30.0,Old Forge,Central New York,9.0,3.0,4.0,2.0
242, Powder Ridge Mountain Park & Resort ,https://www.skiresort.info/ski-resort/powder-ridge-mountain-park-resort/,49.0,Middlefield,Connecticut,5.5,2.5,2.0,1.0
243, Camden Snow Bowl ,https://www.skiresort.info/ski-resort/camden-snow-bowl/,43.0,Camden,Maine,6.0,1.2,3.6,1.2
244, Mt. Southington ,https://www.skiresort.info/ski-resort/mt-southington/,60.0,Southington,Connecticut,5.8,2.0,3.0,0.8
245, Snow Trails ,https://www.skiresort.info/ski-resort/snow-trails/,52.0,Mansfield,Ohio,5.3,1.5,2.8,1.0
246, Mt. Eyak ,https://www.skiresort.info/ski-resort/mt-eyak/,30.0,Cordova,Alaska,5.0,1.0,2.0,2.0
247, Wolf Ridge ,https://www.skiresort.info/ski-resort/wolf-ridge/,65.0,Mars Hill,North Carolina,6.0,3.0,2.0,1.0
248, Alpine Valley – White Lake ,https://www.skiresort.info/ski-resort/alpine-valley-white-lake/,58.0,White Lake,Michigan,5.8,2.4,1.6,1.8
249, Hunt Hollow Ski Club ,https://www.skiresort.info/ski-resort/hunt-hollow-ski-club/,58.0,Naples,Finger Lakes,5.0,2.0,2.0,1.0
250, Paoli Peaks ,https://www.skiresort.info/ski-resort/paoli-peaks/,45.0,Paoli,Indiana,6.6,2.6,3.0,1.0
251, Mad River Mountain ,https://www.skiresort.info/ski-resort/mad-river-mountain/,49.0,Zanesfield,Ohio,6.3,3.0,2.0,1.3
252, Crystal Mountain (MI) ,https://www.skiresort.info/ski-resort/crystal-mountain-mi/,79.0,Thompsonville,Michigan,4.9,1.2,2.3,1.4
253, Nashoba Valley ,https://www.skiresort.info/ski-resort/nashoba-valley/,58.0,Westford,Massachusetts,5.8,1.0,3.0,1.8
254, Granite Gorge ,https://www.skiresort.info/ski-resort/granite-gorge/,30.0,Keene,New Hampshire,6.0,3.0,2.0,1.0
255, Bryce Resort ,https://www.skiresort.info/ski-resort/bryce-resort/,N/A,Harrisonburg,Virginia,5.0,2.0,2.8,0.2
256, King Pine – Purity Spring Resort ,https://www.skiresort.info/ski-resort/king-pine-purity-spring-resort/,58.0,East Madison,New Hampshire,5.3,2.8,1.5,1.0
257, Pine Knob ,https://www.skiresort.info/ski-resort/pine-knob/,57.0,Clarkston,Michigan,5.0,1.0,2.5,1.5
258, Pajarito Mountain ,https://www.skiresort.info/ski-resort/pajarito-mountain/,49.0,Los Alamos,New Mexico,26.0,8.0,12.0,6.0
259, Mont Ripley ,https://www.skiresort.info/ski-resort/mont-ripley/,52.0,Hancock,Michigan,6.9,2.0,2.2,2.7
260, Mount Pleasant ,https://www.skiresort.info/ski-resort/mount-pleasant/,38.0,Cambridge Springs,Pennsylvania,5.0,2.0,2.0,1.0
261, Quechee Lakes Ski Area ,https://www.skiresort.info/ski-resort/quechee-lakes-ski-area/,49.0,White River Junction,Vermont,5.0,2.0,2.5,0.5
262, Mountain High North ,https://www.skiresort.info/ski-resort/mountain-high-north/,84.0,Wrightwood,California,5.0,2.0,3.0,0.0
263, Hidden Valley (MO) ,https://www.skiresort.info/ski-resort/hidden-valley-mo/,49.0,Eureka,Missouri,4.0,1.0,2.0,1.0
264, Mt. Brighton ,https://www.skiresort.info/ski-resort/mt-brighton/,59.0,Brighton,Michigan,6.2,1.0,3.5,1.7
265, Mount Peter ,https://www.skiresort.info/ski-resort/mount-peter/,62.0,Warwick,Hudson Valley,3.8,1.0,2.0,0.8
266, Nordic Mountain ,https://www.skiresort.info/ski-resort/nordic-mountain/,47.0,Wild Rose,Wisconsin,6.5,2.0,3.0,1.5
267, Seven Oaks ,https://www.skiresort.info/ski-resort/seven-oaks/,40.0,Boone,Iowa,4.0,1.5,2.0,0.5
268, Ober Gatlinburg ,https://www.skiresort.info/ski-resort/ober-gatlinburg/,65.0,Gatlinburg,Tennessee,6.2,0.7,4.2,1.3
269, Wilmot Mountain ,https://www.skiresort.info/ski-resort/wilmot-mountain/,68.0,Wilmot,Wisconsin,4.0,1.4,1.6,1.0
270, Moose Mountain ,https://www.skiresort.info/ski-resort/moose-mountain/,40.0,Fairbanks,Alaska,25.0,3.0,12.0,10.0
271, Shanty Creek Resorts – Summit Mountain ,https://www.skiresort.info/ski-resort/shanty-creek-resorts-summit-mountain/,73.0,Bellaire,Michigan,4.0,0.8,2.5,0.7
272, Hilltop – Anchorage ,https://www.skiresort.info/ski-resort/hilltop-anchorage/,34.0,Anchorage,Alaska,5.0,4.0,1.0,0.0
273, Snowstar ,https://www.skiresort.info/ski-resort/snowstar/,35.0,Andalusia,Illinois,4.0,0.5,1.5,2.0
274, Mystic Mountain – Farmington ,https://www.skiresort.info/ski-resort/mystic-mountain-farmington/,43.0,Farmington,Pennsylvania,3.9,2.3,1.0,0.6
275, Mt. Ashwabay – Salmo ,https://www.skiresort.info/ski-resort/mt-ashwabay-salmo/,24.0,Salmo,Wisconsin,4.0,1.5,1.2,1.3
276, Snow Creek ,https://www.skiresort.info/ski-resort/snow-creek/,47.0,Weston,Missouri,3.2,1.3,1.8,0.1
277, Antelope Butte ,https://www.skiresort.info/ski-resort/antelope-butte/,20.0,Sheridan,Wyoming,20.0,4.0,10.0,6.0
278, Wild Mountain ,https://www.skiresort.info/ski-resort/wild-mountain/,56.0,Taylors Falls,Minnesota,4.8,1.1,1.6,2.1
279, Powder Ridge ,https://www.skiresort.info/ski-resort/powder-ridge/,48.0,Kimball,Minnesota,4.0,2.0,1.5,0.5
280, Treetops ,https://www.skiresort.info/ski-resort/treetops/,N/A,Gaylord,Michigan,4.4,0.3,1.9,2.2
281, Lost Valley ,https://www.skiresort.info/ski-resort/lost-valley/,55.0,Auburn,Maine,2.0,1.0,0.5,0.5
282, Summit Ski Area at Mt. Hood ,https://www.skiresort.info/ski-resort/summit-ski-area-at-mt-hood/,36.0,Governemt Camp,Oregon,4.0,2.0,2.0,0.0
283, Skeetawk – Hatcher Pass ,https://www.skiresort.info/ski-resort/skeetawk-hatcher-pass/,39.0,N/A,Alaska,2.5,1.0,0.8,0.7
284, Great Bear Ski Valley ,https://www.skiresort.info/ski-resort/great-bear-ski-valley/,29.0,Sioux Falls,South Dakota,3.8,2.6,1.2,0.0
285, Dartmouth Skiway ,https://www.skiresort.info/ski-resort/dartmouth-skiway/,50.0,Hanover,New Hampshire,16.0,4.0,8.0,4.0
286, McIntyre ,https://www.skiresort.info/ski-resort/mcintyre/,38.0,Manchester,New Hampshire,3.0,2.5,0.5,0.0
287, Stagecoach Mountain  (temporarily closed) ,https://www.skiresort.info/ski-resort/stagecoach-mountain/,N/A,N/A,Colorado,,,,
288, Elko Snobowl ,https://www.skiresort.info/ski-resort/elko-snobowl/,20.0,Elko,Nevada,3.0,1.5,1.5,0.0
289, Little Switzerland ,https://www.skiresort.info/ski-resort/little-switzerland/,46.0,Slinger,Wisconsin,3.0,1.1,1.3,0.6
290, Chester Bowl ,https://www.skiresort.info/ski-resort/chester-bowl/,15.0,Duluth,Minnesota,1.3,0.3,0.5,0.5
291, Blacktail Mountain ,https://www.skiresort.info/ski-resort/blacktail-mountain/,42.0,Kalispell,Montana,17.0,3.0,11.0,3.0
292, Otis Ridge ,https://www.skiresort.info/ski-resort/otis-ridge/,40.0,Otis,Massachusetts,3.7,1.2,1.5,1.0
293, Turner Mountain ,https://www.skiresort.info/ski-resort/turner-mountain/,38.0,Libby,Montana,13.8,2.1,5.5,6.2
294, Frost Fire Mountain ,https://www.skiresort.info/ski-resort/frost-fire-mountain/,37.0,Walhalla,North Dakota,1.5,0.7,0.6,0.2
295, Sawmill Mountain Resort ,https://www.skiresort.info/ski-resort/sawmill-mountain-resort/,44.0,Morris,Pennsylvania,4.4,0.9,2.5,1.0
296, Kendall Mountain – Silverton ,https://www.skiresort.info/ski-resort/kendall-mountain-silverton/,25.0,Silverton,Colorado,1.7,1.0,0.5,0.2
297, Blue Mountain ,https://www.skiresort.info/ski-resort/blue-mountain/,65.0,Allentown,Pennsylvania,18.0,10.0,6.0,2.0
298, Mt. Holiday ,https://www.skiresort.info/ski-resort/mt-holiday/,34.0,Traverse City,Michigan,4.5,1.0,2.0,1.5
299, Howelsen Hill – Steamboat Springs ,https://www.skiresort.info/ski-resort/howelsen-hill-steamboat-springs/,25.0,Steamboat Springs,Colorado,4.0,1.7,1.5,0.8
300, Sunburst ,https://www.skiresort.info/ski-resort/sunburst/,44.0,Kewaskum,Wisconsin,3.0,0.5,1.5,1.0
301, Mt. Jefferson ,https://www.skiresort.info/ski-resort/mt-jefferson/,25.0,Lee,Maine,9.5,3.0,4.0,2.5
302, Trollhaugen ,https://www.skiresort.info/ski-resort/trollhaugen/,54.0,Dresser,Wisconsin,4.9,2.5,1.5,0.9
303, Alpine Valley Ohio ,https://www.skiresort.info/ski-resort/alpine-valley-ohio/,45.0,Chesterland,Ohio,2.6,1.2,1.2,0.2
304, Echo Mountain Park – Idaho Springs ,https://www.skiresort.info/ski-resort/echo-mountain-park-idaho-springs/,65.0,Idaho Springs,Colorado,3.0,2.0,1.0,0.0
305, Hyland Hills ,https://www.skiresort.info/ski-resort/hyland-hills/,35.34,Bloomington,Minnesota,1.2,0.6,0.4,0.2
306, Elk Mountain ,https://www.skiresort.info/ski-resort/elk-mountain/,69.0,Scranton,Pennsylvania,15.0,3.0,8.0,4.0
307, Willard Mountain – Greenwich ,https://www.skiresort.info/ski-resort/willard-mountain-greenwich/,47.0,Greenwich,Capital-Saratoga Region,2.8,0.6,1.4,0.8
308, Christmas Mountain ,https://www.skiresort.info/ski-resort/christmas-mountain/,45.0,Wisconsin Dells,Wisconsin,2.0,1.3,0.5,0.2
309, Campton Mountain ,https://www.skiresort.info/ski-resort/campton-mountain/,22.0,Campton,New Hampshire,1.3,0.6,0.5,0.2
310, Mt. Abram ,https://www.skiresort.info/ski-resort/mt-abram/,49.0,N/A,Maine,14.5,3.5,7.0,4.0
311, Bald Mountain ,https://www.skiresort.info/ski-resort/bald-mountain/,20.0,Lewiston,Idaho,9.0,3.0,4.0,2.0
312, Snow Snake ,https://www.skiresort.info/ski-resort/snow-snake/,35.0,Harrison,Michigan,3.0,1.0,1.5,0.5
313, Tenney Mountain ,https://www.skiresort.info/ski-resort/tenney-mountain/,59.0,Plymouth,New Hampshire,15.0,3.0,8.0,4.0
314, Berkshire East ,https://www.skiresort.info/ski-resort/berkshire-east/,72.0,Greenfield,Massachusetts,13.0,6.0,4.0,3.0
315, Peek'n Peak ,https://www.skiresort.info/ski-resort/peekn-peak/,63.0,Clymer,Chautauqua-Allegheny,15.0,4.0,8.0,3.0
316, Heiliger Huegel – Hubertus ,https://www.skiresort.info/ski-resort/heiliger-huegel-hubertus/,N/A,Hubertus,Wisconsin,1.2,0.6,0.4,0.2
317, Detroit Mountain ,https://www.skiresort.info/ski-resort/detroit-mountain/,42.0,Detroit Lakes,Minnesota,2.0,1.0,1.0,0.0
318, Campgaw Mountain ,https://www.skiresort.info/ski-resort/campgaw-mountain/,45.0,Mahwah,New Jersey,1.3,1.0,0.3,0.0
319, Bluewood ,https://www.skiresort.info/ski-resort/bluewood/,47.0,Lewiston,Washington State,11.0,3.0,5.0,3.0
320, Hermon Mountain ,https://www.skiresort.info/ski-resort/hermon-mountain/,N/A,Bangor,Maine,3.0,2.0,0.5,0.5
321, The Balsams ,https://www.skiresort.info/ski-resort/the-balsams/,N/A,Colebrook,New Hampshire,12.6,3.4,4.0,5.2
322, Val Bialas Ski Center – Utica ,https://www.skiresort.info/ski-resort/val-bialas-ski-center-utica/,N/A,Utica,Central New York,1.8,0.8,0.4,0.6
323, Yawgoo Valley ,https://www.skiresort.info/ski-resort/yawgoo-valley/,50.0,Kingston,Rhode Island,2.5,1.5,1.0,0.0
324, Buffalo Ski Club ,https://www.skiresort.info/ski-resort/buffalo-ski-club/,50.0,Buffalo,Greater Niagara,11.0,5.0,4.0,2.0
325, Mount Ski Gull ,https://www.skiresort.info/ski-resort/mount-ski-gull/,39.99,Nisswa,Minnesota,2.1,0.7,0.7,0.7
326, Black Mountain – Jackson ,https://www.skiresort.info/ski-resort/black-mountain-jackson/,59.0,Jackson,New Hampshire,12.0,6.0,4.0,2.0
327, Big Tupper – Tupper Lake ,https://www.skiresort.info/ski-resort/big-tupper-tupper-lake/,N/A,Tupper Lake,The Adirondacks,12.0,5.0,5.0,2.0
328, Buck Hill Ski Area ,https://www.skiresort.info/ski-resort/buck-hill-ski-area/,47.0,Minneapolis,Minnesota,2.2,1.2,0.8,0.2
329, Ward Hill – Shrewsbury ,https://www.skiresort.info/ski-resort/ward-hill-shrewsbury/,55.0,Shrewsbury,Massachusetts,2.1,0.6,1.0,0.5
330, Devil's Head ,https://www.skiresort.info/ski-resort/devils-head/,65.0,Baraboo,Wisconsin,10.0,3.0,3.5,3.5
331, Jack Frost Mountain ,https://www.skiresort.info/ski-resort/jack-frost-mountain/,65.0,Blakeslee,Pennsylvania,12.0,6.0,5.5,0.5
332, Canaan Valley ,https://www.skiresort.info/ski-resort/canaan-valley/,78.0,Davis,West Virginia,10.0,3.0,4.0,3.0
333, Magic Mountain Resort ,https://www.skiresort.info/ski-resort/magic-mountain-resort/,33.0,Kimberly,Idaho,10.5,3.5,3.0,4.0
334, Porcupine Mountain ,https://www.skiresort.info/ski-resort/porcupine-mountain/,43.0,Ontonagon,Michigan,9.7,3.2,3.5,3.0
335, Woodbury  (temporarily closed) ,https://www.skiresort.info/ski-resort/woodbury/,N/A,Woodbury,Connecticut,9.6,3.5,3.5,2.6
336, Warner Canyon – Lakeview ,https://www.skiresort.info/ski-resort/warner-canyon-lakeview/,35.0,Lakeview,Oregon,9.9,2.4,1.6,5.9
337, The Whitecap Mountains ,https://www.skiresort.info/ski-resort/the-whitecap-mountains/,60.0,Upson,Wisconsin,9.0,4.0,2.0,3.0
338, Blackjack ,https://www.skiresort.info/ski-resort/blackjack/,65.0,Ironwood,Michigan,10.0,2.0,4.0,4.0
339, Snow Ridge ,https://www.skiresort.info/ski-resort/snow-ridge/,48.0,Turin,The Adirondacks,10.0,2.0,3.0,5.0
340, Indianhead Mountain ,https://www.skiresort.info/ski-resort/indianhead-mountain/,65.0,Wakefield,Michigan,10.0,2.0,3.0,5.0
341, Hidden Valley (PA) ,https://www.skiresort.info/ski-resort/hidden-valley-pa/,69.0,Somerset,Pennsylvania,9.0,4.0,3.0,2.0
342, Cloudcroft ,https://www.skiresort.info/ski-resort/cloudcroft/,45.0,Cloudcroft,New Mexico,10.0,4.0,2.0,4.0
343, Sunrise Park ,https://www.skiresort.info/ski-resort/sunrise-park/,74.0,Greer,Arizona,,,,
344, Oglebay Resort ,https://www.skiresort.info/ski-resort/oglebay-resort/,28.0,N/A,West Virginia,1.0,1.0,0.0,0.0
345, Bottineau Winter Park ,https://www.skiresort.info/ski-resort/bottineau-winter-park/,38.0,Bottineau,North Dakota,1.2,0.5,0.5,0.2
346, Denton Hill State Park  (temporarily closed) ,https://www.skiresort.info/ski-resort/denton-hill-state-park/,N/A,Coudersport,Pennsylvania,8.0,4.0,2.0,2.0
347, Woodward Park City ,https://www.skiresort.info/ski-resort/woodward-park-city/,N/A,Summit Park,Salt Lake City,0.5,0.3,0.2,0.0
348, Hickory Ski Center  (temporarily closed) ,https://www.skiresort.info/ski-resort/hickory-ski-center/,N/A,Warrensburg,The Adirondacks,8.0,3.0,3.0,2.0
349, Toggenburg Ski Center ,https://www.skiresort.info/ski-resort/toggenburg-ski-center/,55.0,Fabius,Finger Lakes,8.3,3.2,2.0,3.1
350, Mt. Holly ,https://www.skiresort.info/ski-resort/mt-holly/,45.0,Holly,Michigan,7.0,1.0,2.5,3.5
351, Ausblick – Sussex ,https://www.skiresort.info/ski-resort/ausblick-sussex/,30.0,Sussex,Wisconsin,1.4,0.8,0.6,0.0
352, Sapphire Valley ,https://www.skiresort.info/ski-resort/sapphire-valley/,40.0,Cashiers,North Carolina,0.5,0.5,0.0,0.0
353, Villa Olivia – Bartlett ,https://www.skiresort.info/ski-resort/villa-olivia-bartlett/,40.0,Bartlett,Illinois,1.4,0.2,0.6,0.6
354, Silverton Mountain ,https://www.skiresort.info/ski-resort/silverton-mountain/,79.0,Silverton,Colorado,,,,
355, Utah Olympic Park ,https://www.skiresort.info/ski-resort/utah-olympic-park/,N/A,Park City,Salt Lake City,0.2,0.0,0.2,0.0
356, Beartooth Basin ,https://www.skiresort.info/ski-resort/beartooth-basin/,45.0,Red Lodge,Wyoming,5.0,0.0,2.0,3.0
357, Big Snow American Dream (indoor ski area) ,https://www.skiresort.info/ski-resort/big-snow-american-dream/,N/A,East Rutherford,New Jersey,0.5,0.3,0.2,0.0
358, Welch Village ,https://www.skiresort.info/ski-resort/welch-village/,60.0,Red Wing,Minnesota,6.0,2.0,2.0,2.0
359, Titcomb Mountain ,https://www.skiresort.info/ski-resort/titcomb-mountain/,24.0,Farmington,Maine,4.4,1.0,1.1,2.3
360, Navarino Hills ,https://www.skiresort.info/ski-resort/navarino-hills/,27.0,Navarino,Wisconsin,0.8,0.5,0.3,0.0
361, Lonesome Pine Trails – Fort Kent ,https://www.skiresort.info/ski-resort/lonesome-pine-trails-fort-kent/,25.0,Fort Kent,Maine,4.6,1.0,1.6,2.0
362, Sundown ,https://www.skiresort.info/ski-resort/sundown/,62.0,New Hartford,Connecticut,5.8,2.7,1.4,1.7
363, Chestnut Mountain ,https://www.skiresort.info/ski-resort/chestnut-mountain/,60.0,Dubuque,Illinois,6.0,2.0,3.0,1.0
364, Appalachian Ski Mountain ,https://www.skiresort.info/ski-resort/appalachian-ski-mountain/,64.0,Boone,North Carolina,5.0,2.0,2.5,0.5
365, Blandford ,https://www.skiresort.info/ski-resort/blandford/,45.0,Springfield,Massachusetts,5.0,2.0,2.0,1.0
366, Christie Mountain ,https://www.skiresort.info/ski-resort/christie-mountain/,38.0,Rice Lake,Wisconsin,5.6,2.8,1.5,1.3
367, Ferguson Ridge ,https://www.skiresort.info/ski-resort/ferguson-ridge/,20.0,Enterprise,Oregon,5.0,2.0,2.0,1.0
368, Hurricane Ridge ,https://www.skiresort.info/ski-resort/hurricane-ridge/,40.0,Port Angeles,Washington State,5.0,2.0,2.0,1.0
369, Cuchara Mountain Park ,https://www.skiresort.info/ski-resort/cuchara-mountain-park/,N/A,N/A,Colorado,6.0,2.0,3.0,1.0
370, Perfect North Slopes ,https://www.skiresort.info/ski-resort/perfect-north-slopes/,N/A,N/A,Indiana,5.0,3.0,1.0,1.0
371, Rotarun ,https://www.skiresort.info/ski-resort/rotarun/,N/A,Hailey,Idaho,4.6,1.1,2.0,1.5
372, Coppervale ,https://www.skiresort.info/ski-resort/coppervale/,N/A,Susanville,California,3.0,1.0,2.0,0.0
373, Snowhaven ,https://www.skiresort.info/ski-resort/snowhaven/,20.0,Grangeville,Idaho,3.0,1.5,1.5,0.0
374, Bradford ,https://www.skiresort.info/ski-resort/bradford/,55.0,Boston,Massachusetts,4.0,1.5,1.5,1.0
375, Tyrol Basin – Mt Horeb ,https://www.skiresort.info/ski-resort/tyrol-basin-mt-horeb/,48.0,Mount Horeb,Wisconsin,4.2,1.2,1.5,1.5
376, Mulligan's Hollow Ski Bowl ,https://www.skiresort.info/ski-resort/mulligans-hollow-ski-bowl/,20.0,Grand Haven,Michigan,3.0,1.0,1.0,1.0
377, The Omni Homestead ,https://www.skiresort.info/ski-resort/the-omni-homestead/,57.0,Hot Springs,Virginia,3.0,1.0,1.0,1.0
378, Holiday Mountain (NY) ,https://www.skiresort.info/ski-resort/holiday-mountain-ny/,42.0,Rock Hill,The Catskills,4.0,1.0,2.0,1.0
379, The Homestead Resort ,https://www.skiresort.info/ski-resort/the-homestead-resort/,45.0,Glen Arbor,Michigan,4.0,1.0,2.0,1.0
380, Cazenovia ,https://www.skiresort.info/ski-resort/cazenovia/,N/A,Cazenovia,Central New York,2.3,0.6,0.7,1.0
381, Elk Ridge – Williams ,https://www.skiresort.info/ski-resort/elk-ridge-williams/,40.0,Williams,Arizona,3.0,0.6,1.5,0.9
382, Tussey Mountain ,https://www.skiresort.info/ski-resort/tussey-mountain/,52.0,Boalsburg,Pennsylvania,3.0,1.5,1.2,0.3
383, Blue Hills ,https://www.skiresort.info/ski-resort/blue-hills/,45.0,Boston,Massachusetts,3.0,1.5,1.0,0.5
384, Winter Park – Kewaunee County ,https://www.skiresort.info/ski-resort/winter-park-kewaunee-county/,15.0,Birchwood,Wisconsin,1.1,0.5,0.5,0.1
385, Thunder Ridge ,https://www.skiresort.info/ski-resort/thunder-ridge/,57.0,Patterson,Hudson Valley,4.2,1.8,1.0,1.4
386, Timber Ridge ,https://www.skiresort.info/ski-resort/timber-ridge/,45.0,Gobles,Michigan,3.2,1.2,1.6,0.4
387, Mont du Lac ,https://www.skiresort.info/ski-resort/mont-du-lac/,39.99,Superior,Wisconsin,3.9,0.5,1.4,2.0
388, Huff Hills ,https://www.skiresort.info/ski-resort/huff-hills/,35.0,Mandan,North Dakota,3.0,1.8,0.8,0.4
389, Woods Valley ,https://www.skiresort.info/ski-resort/woods-valley/,43.0,Westernville,Central New York,4.0,2.0,1.5,0.5
390, Mount Greylock – South Williamstown ,https://www.skiresort.info/ski-resort/mount-greylock-south-williamstown/,N/A,Williamstown,Massachusetts,4.8,1.2,3.0,0.6
391, Skyline – Friendship ,https://www.skiresort.info/ski-resort/skyline-friendship/,N/A,Friendship,Wisconsin,1.7,1.0,0.4,0.3
392, Sundown Mountain Resort ,https://www.skiresort.info/ski-resort/sundown-mountain-resort/,46.0,Dubuque,Iowa,3.2,1.3,1.6,0.3
393, Lyndon Outing Club ,https://www.skiresort.info/ski-resort/lyndon-outing-club/,15.0,Lyndon,Vermont,2.6,1.5,1.0,0.1
394, Andes Tower Hills ,https://www.skiresort.info/ski-resort/andes-tower-hills/,45.0,Alexandria,Minnesota,4.0,2.2,1.6,0.2
395, Ascutney Mountain ,https://www.skiresort.info/ski-resort/ascutney-mountain/,N/A,N/A,Vermont,1.8,1.2,0.6,0.0
396, Storrs Hill – Lebanon ,https://www.skiresort.info/ski-resort/storrs-hill-lebanon/,15.0,Lebanon,New Hampshire,1.0,0.7,0.3,0.0
397, Lake City Ski Hill ,https://www.skiresort.info/ski-resort/lake-city-ski-hill/,15.0,Lake City,Colorado,1.0,0.7,0.3,0.0
398, Whitetail Ridge – Fort McCoy ,https://www.skiresort.info/ski-resort/whitetail-ridge-fort-mccoy/,27.0,Fort McCoy,Wisconsin,1.2,0.7,0.5,0.0
399, Granlibakken ,https://www.skiresort.info/ski-resort/granlibakken/,40.0,Granlibakken,Lake Tahoe,2.0,1.0,1.0,0.0
400, Big Boulder ,https://www.skiresort.info/ski-resort/big-boulder/,65.0,Allentown,Pennsylvania,4.0,3.0,1.0,0.0
401, Bruce Mound ,https://www.skiresort.info/ski-resort/bruce-mound/,31.0,Black River Falls,Wisconsin,2.0,1.0,0.5,0.5
402, Boston Mills ,https://www.skiresort.info/ski-resort/boston-mills/,44.0,Cleveland,Ohio,1.5,0.5,0.5,0.5
403, Cannonsburg Ski Area ,https://www.skiresort.info/ski-resort/cannonsburg-ski-area/,39.0,Grand Rapids,Michigan,2.0,0.5,1.0,0.5
404, Echo Valley – Lake Chelan ,https://www.skiresort.info/ski-resort/echo-valley-lake-chelan/,30.0,Chelan,Washington State,2.4,0.2,1.2,1.0
405, Veterans Memorial – Franklin ,https://www.skiresort.info/ski-resort/veterans-memorial-franklin/,N/A,Franklin,New Hampshire,1.0,0.6,0.4,0.0
406, Camp 10 ,https://www.skiresort.info/ski-resort/camp-10/,34.0,Rhinelander,Wisconsin,1.5,0.3,0.7,0.5
407, Coffee Mill Ski Area ,https://www.skiresort.info/ski-resort/coffee-mill-ski-area/,37.0,Wabasha,Minnesota,2.0,1.0,0.6,0.4
408, Swiss Valley ,https://www.skiresort.info/ski-resort/swiss-valley/,42.0,Jones,Michigan,1.8,0.4,1.1,0.3
409, Buena Vista ,https://www.skiresort.info/ski-resort/buena-vista/,44.0,Bemidji,Minnesota,1.7,0.4,0.8,0.5
410, Crescent Hills ,https://www.skiresort.info/ski-resort/crescent-hills/,39.0,Omaha,Iowa,2.0,0.8,0.8,0.4
411, Grand Geneva ,https://www.skiresort.info/ski-resort/grand-geneva/,55.0,Lake Geneva,Wisconsin,1.8,1.2,0.4,0.2
412, Brandywine ,https://www.skiresort.info/ski-resort/brandywine/,44.0,Cleveland,Ohio,2.0,1.0,0.7,0.3
413, Beartown ,https://www.skiresort.info/ski-resort/beartown/,22.0,West Chazy,The Adirondacks,0.8,0.5,0.3,0.0
414, Spruce Mountain – Jay ,https://www.skiresort.info/ski-resort/spruce-mountain-jay/,25.0,Livermore Falls,Maine,2.4,0.6,1.4,0.4
415, Dry Hill ,https://www.skiresort.info/ski-resort/dry-hill/,40.0,Watertown,Thousand Islands-Seaway,2.4,0.7,1.2,0.5
416, Polar Peak ,https://www.skiresort.info/ski-resort/polar-peak/,N/A,Ancram,Hudson Valley,1.9,1.0,0.5,0.4
417, The Ridge – Le Roy ,https://www.skiresort.info/ski-resort/the-ridge-le-roy/,N/A,N/A,Greater Niagara,0.7,0.4,0.3,0.0
418, Indian Lake ,https://www.skiresort.info/ski-resort/indian-lake/,N/A,Indian Lake,The Adirondacks,0.9,0.6,0.3,0.0
419, Maple Ski Ridge ,https://www.skiresort.info/ski-resort/maple-ski-ridge/,N/A,Rotterdam,Capital-Saratoga Region,1.4,0.3,0.8,0.3
420, Red Hill – Moultonborough ,https://www.skiresort.info/ski-resort/red-hill-moultonborough/,N/A,Moultonborough,New Hampshire,1.0,0.4,0.4,0.2
421, Fox Hill ,https://www.skiresort.info/ski-resort/fox-hill/,N/A,West Bend,Wisconsin,1.0,0.5,0.3,0.2
422, Abenaki ,https://www.skiresort.info/ski-resort/abenaki/,N/A,N/A,New Hampshire,2.0,1.2,0.5,0.3
423, Buckhorn Ski and Snowboard Club ,https://www.skiresort.info/ski-resort/buckhorn-ski-and-snowboard-club/,N/A,La Cañada Flintridge,California,1.2,0.2,0.6,0.4
424, Northeast Slopes – East Corinth ,https://www.skiresort.info/ski-resort/northeast-slopes-east-corinth/,15.0,East Corinth,Vermont,2.2,1.2,1.0,0.0
425, Little Ski Hill ,https://www.skiresort.info/ski-resort/little-ski-hill/,15.0,McCall,Idaho,1.4,1.4,0.0,0.0
426, Cochran Ski Area ,https://www.skiresort.info/ski-resort/cochran-ski-area/,25.0,Burlington,Vermont,1.2,0.6,0.5,0.1
427, Mt. Pisgah ,https://www.skiresort.info/ski-resort/mt-pisgah/,25.0,Saranac Lake,The Adirondacks,1.0,1.0,0.0,0.0
428, Missaukee Mountain ,https://www.skiresort.info/ski-resort/missaukee-mountain/,N/A,N/A,Michigan,1.3,0.7,0.5,0.1
429, Pinnacle Park – Pittsfield ,https://www.skiresort.info/ski-resort/pinnacle-park-pittsfield/,N/A,Pittsfield,Maine,0.7,0.3,0.2,0.2
430, Plumas Eureka Ski Bowl ,https://www.skiresort.info/ski-resort/plumas-eureka-ski-bowl/,N/A,Johnsville,California,1.3,1.0,0.2,0.1
431, Quoggy Jo Ski Center – Presque Isle ,https://www.skiresort.info/ski-resort/quoggy-jo-ski-center-presque-isle/,8.0,Presque Isle,Maine,0.8,0.8,0.0,0.0
432, Badger Mountain ,https://www.skiresort.info/ski-resort/badger-mountain/,10.0,Wenatchee,Washington State,2.5,2.0,0.5,0.0
433, Brantling Ski Slopes ,https://www.skiresort.info/ski-resort/brantling-ski-slopes/,32.0,Rochester,Finger Lakes,1.0,0.7,0.3,0.0
434, Eaton Mountain ,https://www.skiresort.info/ski-resort/eaton-mountain/,15.0,Skowhegan,Maine,2.0,1.5,0.5,0.0
435, Pando Park  (temporarily closed) ,https://www.skiresort.info/ski-resort/pando-park/,22.0,Rockford,Michigan,1.3,1.0,0.3,0.0
436, Hillberg Ski Area ,https://www.skiresort.info/ski-resort/hillberg-ski-area/,20.0,Anchorage,Alaska,1.2,0.9,0.3,0.0
437, Kettlebowl ,https://www.skiresort.info/ski-resort/kettlebowl/,5.0,Bryant,Wisconsin,1.4,0.3,1.1,0.0
438, Hanson Hills ,https://www.skiresort.info/ski-resort/hanson-hills/,25.0,Grayling,Michigan,1.0,0.8,0.2,0.0
439, Living Memorial Park – Brattleboro ,https://www.skiresort.info/ski-resort/living-memorial-park-brattleboro/,5.0,Brattleboro,Vermont,0.5,0.5,0.0,0.0
440, Alta Sierra – Shirley Meadows ,https://www.skiresort.info/ski-resort/alta-sierra-shirley-meadows/,50.0,Bakersfield,California,1.5,1.3,0.2,0.0
441, Meany Lodge ,https://www.skiresort.info/ski-resort/meany-lodge/,N/A,Easton,Washington State,2.0,1.0,1.0,0.0
442, Sahalie Ski Club ,https://www.skiresort.info/ski-resort/sahalie-ski-club/,N/A,North Bend,Washington State,1.5,1.0,0.5,0.0
443, Fort Wainwright/​Birch Hill – Fairbanks ,https://www.skiresort.info/ski-resort/fort-wainwrightbirch-hill-fairbanks/,N/A,Fairbanks,Alaska,1.8,1.5,0.3,0.0
444, Snow Hill at Eastman ,https://www.skiresort.info/ski-resort/snow-hill-at-eastman/,N/A,Newport,New Hampshire,1.0,0.5,0.5,0.0
445, Mt. Eustis – Littleton  (temporarily closed) ,https://www.skiresort.info/ski-resort/mt-eustis-littleton/,N/A,N/A,New Hampshire,1.2,0.5,0.7,0.0
446, Challenge Mountain – Walloon Lake ,https://www.skiresort.info/ski-resort/challenge-mountain-walloon-lake/,N/A,Walloon Lake,Michigan,1.2,0.9,0.3,0.0
447, Mount Prospect – Lancaster ,https://www.skiresort.info/ski-resort/mount-prospect-lancaster/,N/A,Lancaster,New Hampshire,0.8,0.5,0.3,0.0
448, Triangle Sports Area – Green Bay ,https://www.skiresort.info/ski-resort/triangle-sports-area-green-bay/,N/A,Green Bay,Wisconsin,0.6,0.5,0.1,0.0
449, Blackhawk Ski Club – Middleton ,https://www.skiresort.info/ski-resort/blackhawk-ski-club-middleton/,N/A,Middleton,Wisconsin,0.8,0.6,0.2,0.0
450, Powers Bluff ,https://www.skiresort.info/ski-resort/powers-bluff/,10.0,Arpin,Wisconsin,1.0,1.0,0.0,0.0
451, Boyce Park ,https://www.skiresort.info/ski-resort/boyce-park/,28.0,Pittsburgh,Pennsylvania,1.0,1.0,0.0,0.0
452, Four Lakes ,https://www.skiresort.info/ski-resort/four-lakes/,28.0,Lisle,Illinois,1.0,1.0,0.0,0.0
453, The Rock Snow Park ,https://www.skiresort.info/ski-resort/the-rock-snow-park/,40.0,Milwaukee,Wisconsin,1.0,1.0,0.0,0.0
454, Leavenworth Ski Hill ,https://www.skiresort.info/ski-resort/leavenworth-ski-hill/,19.0,Leavenworth,Washington State,1.0,1.0,0.0,0.0
455, Villa Roma ,https://www.skiresort.info/ski-resort/villa-roma/,N/A,Callicoon,The Catskills,1.7,1.7,0.0,0.0
456, Big Creek Ski Area ,https://www.skiresort.info/ski-resort/big-creek-ski-area/,N/A,Cleveland,Ohio,1.0,1.0,0.0,0.0
457, Standing Rocks ,https://www.skiresort.info/ski-resort/standing-rocks/,16.0,Stevens Point,Wisconsin,0.9,0.9,0.0,0.0
458, Four Seasons ,https://www.skiresort.info/ski-resort/four-seasons/,24.0,Fayetteville,Finger Lakes,0.5,0.4,0.1,0.0
459, Cloudmont Ski Resort ,https://www.skiresort.info/ski-resort/cloudmont-ski-resort/,40.0,Fort Payne,Alabama,0.6,0.6,0.0,0.0
460, Adventure Mountain – Greenland ,https://www.skiresort.info/ski-resort/adventure-mountain-greenland/,N/A,Greenland,Michigan,0.5,0.2,0.3,0.0
461, Gladstone Sports Park ,https://www.skiresort.info/ski-resort/gladstone-sports-park/,N/A,Gladstone,Michigan,0.5,0.4,0.1,0.0
462, Al Quaal ,https://www.skiresort.info/ski-resort/al-quaal/,N/A,Ishpeming,Michigan,0.4,0.2,0.2,0.0
463, Aldis Hill Park – St. Albans ,https://www.skiresort.info/ski-resort/aldis-hill-park-st-albans/,N/A,N/A,Vermont,0.4,0.2,0.2,0.0
464, Ruby Mountain ,https://www.skiresort.info/ski-resort/ruby-mountain/,N/A,Lamoille,N/A,,,,
465, North Cascade Heliskiing – Mazama ,https://www.skiresort.info/ski-resort/north-cascade-heliskiing-mazama/,N/A,Mazama,N/A,,,,
466, Powderhouse Hill – South Berwick ,https://www.skiresort.info/ski-resort/powderhouse-hill-south-berwick/,5.0,South Berwick,Maine,0.5,0.5,0.0,0.0
467, Keyes Peak – Florence ,https://www.skiresort.info/ski-resort/keyes-peak-florence/,12.0,Florence,Wisconsin,0.5,0.5,0.0,0.0
468, Salmonberry – Valdez ,https://www.skiresort.info/ski-resort/salmonberry-valdez/,N/A,Valdez,Alaska,0.4,0.4,0.0,0.0
469, Rocking Horse Ranch ,https://www.skiresort.info/ski-resort/rocking-horse-ranch/,N/A,Highland,The Catskills,0.3,0.3,0.0,0.0
470, Great Northern Powder Guides ,https://www.skiresort.info/ski-resort/great-northern-powder-guides/,N/A,Whitefish, read more,,,,
471, Cascade Powder Guides ,https://www.skiresort.info/ski-resort/cascade-powder-guides/,N/A,N/A,N/A,,,,
472, Petoskey Winter Sports Park ,https://www.skiresort.info/ski-resort/petoskey-winter-sports-park/,N/A,Petoskey,Michigan,0.2,0.2,0.0,0.0
473, Cottonwood Butte ,https://www.skiresort.info/ski-resort/cottonwood-butte/,20.0,Cottonwood,Idaho,,,,
474, Nutt Hill – Plymouth ,https://www.skiresort.info/ski-resort/nutt-hill-plymouth/,N/A,Plymouth,Wisconsin,0.2,0.2,0.0,0.0
475, Winterplace ,https://www.skiresort.info/ski-resort/winterplace/,54.0,Ghent,West Virginia,,,,
476, Texas Ski Ranch – New Braunfels (dry slopes) ,https://www.skiresort.info/ski-resort/texas-ski-ranch-new-braunfels/,27.0,New Braunfels,Texas,0.1,0.1,0.0,0.0
477, Dynamite Hill – Chestertown ,https://www.skiresort.info/ski-resort/dynamite-hill-chestertown/,N/A,Chestertown,The Adirondacks,0.2,0.2,0.0,0.0
478, Cockaigne Resort ,https://www.skiresort.info/ski-resort/cockaigne-resort/,38.0,N/A,Chautauqua-Allegheny,,,,
479, Bittersweet ,https://www.skiresort.info/ski-resort/bittersweet/,48.0,Kalamazoo,Michigan,,,,
480, Eagle Rock ,https://www.skiresort.info/ski-resort/eagle-rock/,N/A,Hazleton,Pennsylvania,,,,
481, Snöbahn – Centennial ,https://www.skiresort.info/ski-resort/snoebahn-centennial/,N/A,Centennial,Colorado,0.1,0.1,0.0,0.0
482, Maple Valley  (temporarily closed) ,https://www.skiresort.info/ski-resort/maple-valley/,N/A,N/A,Vermont,,,,
483, Sky Tavern ,https://www.skiresort.info/ski-resort/sky-tavern/,N/A,Reno,Nevada,,,,
484, Paul Bunyan Ski Hill ,https://www.skiresort.info/ski-resort/paul-bunyan-ski-hill/,N/A,N/A,Wisconsin,,,,
485, Stover Mountain ,https://www.skiresort.info/ski-resort/stover-mountain/,N/A,N/A,California,,,,
486, Mt. Bailey ,https://www.skiresort.info/ski-resort/mt-bailey/,385.0,N/A,N/A,,,,
487, Inside Ski Training Center – Leesburg (dry slopes) ,https://www.skiresort.info/ski-resort/inside-ski-training-center-leesburg/,N/A,Leesburg,Virginia,0.1,0.1,0.0,0.0
488, Eagle Island Park ,https://www.skiresort.info/ski-resort/eagle-island-park/,N/A,Eagle,Idaho,0.1,0.1,0.0,0.0
489, WinterClub Indoor Ski & Snowboard – Winter Park (dry slopes) ,https://www.skiresort.info/ski-resort/winterclub-indoor-ski-snowboard-winter-park/,N/A,Winter Park,Florida,0.1,0.1,0.0,0.0
490, Sand Master Park – Florence (sand ski area) ,https://www.skiresort.info/ski-resort/sand-master-park-florence/,N/A,Florence,N/A,0.1,0.0,0.0,0.1
491, Diamond Peaks ,https://www.skiresort.info/ski-resort/diamond-peaks/,N/A,Huntsville (Utah),N/A,,,,
492, Valdez Heli-Ski Guides ,https://www.skiresort.info/ski-resort/valdez-heli-ski-guides/,N/A,N/A,N/A,,,,
493, Yukon Alpine Heliskiing ,https://www.skiresort.info/ski-resort/yukon-alpine-heliskiing/,N/A,N/A,N/A,,,,
494, H2O Guides ,https://www.skiresort.info/ski-resort/h2o-guides/,N/A,N/A,N/A,,,,
495, Points North Heli Adventures ,https://www.skiresort.info/ski-resort/points-north-heli-adventures/,N/A,N/A,N/A,,,,
496, Green Mountain – Bush Creek Ranch ,https://www.skiresort.info/ski-resort/green-mountain-bush-creek-ranch/,N/A,N/A,N/A,,,,
497, Whisper Ridge ,https://www.skiresort.info/ski-resort/whisper-ridge/,N/A,N/A,N/A,,,,
498, Jerry's Heliski Alaska ,https://www.skiresort.info/ski-resort/jerrys-heliski-alaska/,N/A,N/A,N/A,,,,
499, Powderbird ,https://www.skiresort.info/ski-resort/powderbird/,N/A,N/A,N/A,,,,
500, Mott Mountain ,https://www.skiresort.info/ski-resort/mott-mountain/,N/A,N/A,info@skiresort-service.com,,,,
501, Mayflower Mountain Resort (planned) ,https://www.skiresort.info/ski-resort/mayflower-mountain-resort-planned/,N/A,N/A,info@skiresort-service.com,,,,
502, Las Vegas Wet (planned) (indoor ski area) ,https://www.skiresort.info/ski-resort/las-vegas-wet-planned/,N/A,N/A,info@skiresort-service.com,,,,
503, Huntington ,https://www.skiresort.info/ski-resort/huntington/,N/A,N/A,info@skiresort-service.com,,,,
504, Carson Ski Resort ,https://www.skiresort.info/ski-resort/carson-ski-resort/,N/A,N/A,info@skiresort-service.com,,,,
505, Bearfire Resort – Dallas-Fort Worth (planned) (indoor ski area) ,https://www.skiresort.info/ski-resort/bearfire-resort-dallas-fort-worth-planned/,N/A,N/A,info@skiresort-service.com,,,,
506, Seacoast Snow Park ,https://www.skiresort.info/ski-resort/seacoast-snow-park/,N/A,N/A,info@skiresort-service.com,,,,
507, Ravenswood ,https://www.skiresort.info/ski-resort/ravenswood/,N/A,N/A,info@skiresort-service.com,,,,
508, Riverside Hills ,https://www.skiresort.info/ski-resort/riverside-hills/,N/A,N/A,info@skiresort-service.com,,,,
509, Potawatomi Park ,https://www.skiresort.info/ski-resort/potawatomi-park/,N/A,N/A,info@skiresort-service.com,,,,
510, Scotch Valley Resort  (temporarily closed) ,https://www.skiresort.info/ski-resort/scotch-valley-resort/,N/A,N/A,info@skiresort-service.com,,,,
511, Quadna Mountain ,https://www.skiresort.info/ski-resort/quadna-mountain/,N/A,N/A,info@skiresort-service.com,,,,
512, Mt. Zion Hill ,https://www.skiresort.info/ski-resort/mt-zion-hill/,N/A,N/A,info@skiresort-service.com,,,,
513, Mt. Mc Sauba ,https://www.skiresort.info/ski-resort/mt-mc-sauba/,N/A,N/A,info@skiresort-service.com,,,,
514, Shu-Maker Mountain – Little Falls ,https://www.skiresort.info/ski-resort/shu-maker-mountain-little-falls/,N/A,N/A,info@skiresort-service.com,,,,
515, Nor-Ski Runs – Decorah ,https://www.skiresort.info/ski-resort/nor-ski-runs-decorah/,N/A,N/A,info@skiresort-service.com,,,,
516, North Bicentennial Park ,https://www.skiresort.info/ski-resort/north-bicentennial-park/,N/A,N/A,info@skiresort-service.com,,,,
517, Sunset Ski Area ,https://www.skiresort.info/ski-resort/sunset-ski-area/,N/A,N/A,info@skiresort-service.com,,,,
518, Sierra Summit ,https://www.skiresort.info/ski-resort/sierra-summit/,N/A,N/A,info@skiresort-service.com,,,,
519, Lynx Creek ,https://www.skiresort.info/ski-resort/lynx-creek/,N/A,N/A,info@skiresort-service.com,,,,
520, Fairmont Hot Springs – Fairmont ,https://www.skiresort.info/ski-resort/fairmont-hot-springs-fairmont/,N/A,N/A,info@skiresort-service.com,,,,
521, Plumtree Ski Hill (Fawnridge) ,https://www.skiresort.info/ski-resort/plumtree-ski-hill-fawnridge/,N/A,N/A,info@skiresort-service.com,,,,
522, Black Rapid ,https://www.skiresort.info/ski-resort/black-rapid/,N/A,N/A,info@skiresort-service.com,,,,
