,Unnamed: 0,name,link,price,closest_town,region,total_len,easy_len,intermediate_len,difficult_len,newNames,geometry,state,website,Latitude,Longtitude
0,0, Vail ,https://www.skiresort.info/ski-resort/vail/,219.0,Vail,Colorado,234.0,57.0,84.0,93.0,Vail,Empty,Empty,Empty,Empty,Empty
1,1, Telluride ,https://www.skiresort.info/ski-resort/telluride/,169.0,Mountain Village,Colorado,88.2,6.7,51.7,29.8,Telluride,Empty,Empty,Empty,Empty,Empty
2,2, Beaver Creek ,https://www.skiresort.info/ski-resort/beaver-creek/,218.0,Beaver Creek Village,Colorado,150.0,28.5,64.5,57.0,Beaver Creek,Empty,Empty,Empty,Empty,Empty
3,3, Mammoth Mountain ,https://www.skiresort.info/ski-resort/mammoth-mountain/,209.0,Mammoth Lakes,Mammoth Lakes,89.8,18.4,48.5,22.9,Mammoth Mountain,Empty,Empty,Empty,Empty,Empty
4,4, Snowmass ,https://www.skiresort.info/ski-resort/snowmass/,199.0,Snowmass Village,Aspen Snowmass,237.0,12.0,114.0,111.0,Snowmass,Empty,Empty,Empty,Empty,Empty
5,5, Breckenridge ,https://www.skiresort.info/ski-resort/breckenridge/,199.0,Breckenridge,Colorado,153.0,28.0,60.0,65.0,Breckenridge,Empty,Empty,Empty,Empty,Empty
6,6, Keystone ,https://www.skiresort.info/ski-resort/keystone/,176.0,Keystone,Colorado,135.0,25.0,65.0,45.0,Keystone,Empty,Empty,Empty,Empty,Empty
7,7, Killington ,https://www.skiresort.info/ski-resort/killington/,165.0,Killington,Vermont,117.0,19.9,46.7,50.2,Killington,Empty,Empty,Empty,Empty,Empty
8,8, Sunday River ,https://www.skiresort.info/ski-resort/sunday-river/,119.0,Sunday River,Maine,84.8,25.5,30.5,28.8,Sunday River,Empty,Empty,Empty,Empty,Empty
9,9, Heavenly ,https://www.skiresort.info/ski-resort/heavenly/,164.0,Heavenly Village,Lake Tahoe,94.0,18.0,42.0,34.0,Heavenly,Empty,Empty,Empty,Empty,Empty
10,10, Winter Park Resort ,https://www.skiresort.info/ski-resort/winter-park-resort/,164.0,Winter Park,Colorado,143.0,11.0,53.0,79.0,Winter Park Resort,Empty,Empty,Empty,Empty,Empty
11,11, Stowe ,https://www.skiresort.info/ski-resort/stowe/,149.0,Stowe,Vermont,70.0,20.0,42.0,8.0,Stowe,Empty,Empty,Empty,Empty,Empty
12,12, Squaw Valley ,https://www.skiresort.info/ski-resort/squaw-valley/,209.0,Olympic Valley,Lake Tahoe,100.0,25.0,45.0,30.0,Squaw Valley,Empty,Empty,Empty,Empty,Empty
13,13, Steamboat ,https://www.skiresort.info/ski-resort/steamboat/,199.0,Steamboat Springs,Colorado,165.0,25.0,95.0,45.0,Steamboat,Empty,Empty,Empty,Empty,Empty
14,14, Park City ,https://www.skiresort.info/ski-resort/park-city/,133.0,Park City,Salt Lake City,250.0,27.0,152.0,71.0,Park City,Empty,Empty,Empty,Empty,Empty
15,15, Big Sky Resort ,https://www.skiresort.info/ski-resort/big-sky-resort/,194.0,Big Sky Mountain Village,Montana,250.0,55.0,69.0,126.0,Big Sky Resort,Empty,Empty,Empty,Empty,Empty
16,16, Aspen Highlands ,https://www.skiresort.info/ski-resort/aspen-highlands/,199.0,Highlands Village,Aspen Snowmass,135.0,24.3,40.5,70.2,Aspen Highlands,Empty,Empty,Empty,Empty,Empty
17,17, Copper Mountain ,https://www.skiresort.info/ski-resort/copper-mountain/,189.0,Frisco,Colorado,126.0,30.0,40.0,56.0,Copper Mountain,Empty,Empty,Empty,Empty,Empty
18,18, Alpine Meadows ,https://www.skiresort.info/ski-resort/alpine-meadows/,209.0,Alpine Meadows,Lake Tahoe,100.0,25.0,40.0,35.0,Alpine Meadows,Empty,Empty,Empty,Empty,Empty
19,19, Alta ,https://www.skiresort.info/ski-resort/alta/,125.0,Alta,Empty,116.0,29.0,46.4,40.6,Alta,Empty,Empty,Empty,Empty,Empty
20,20, Buttermilk Mountain ,https://www.skiresort.info/ski-resort/buttermilk-mountain/,199.0,Aspen,Aspen Snowmass,34.0,11.9,13.3,8.8,Buttermilk Mountain,Empty,Empty,Empty,Empty,Empty
21,21, Jackson Hole ,https://www.skiresort.info/ski-resort/jackson-hole/,182.0,Teton Village,Wyoming,116.0,16.0,50.0,50.0,Jackson Hole,Empty,Empty,Empty,Empty,Empty
22,22, Deer Valley ,https://www.skiresort.info/ski-resort/deer-valley/,Empty,Park City, read more,103.0,28.0,42.0,33.0,Deer Valley,Empty,Empty,Empty,Empty,Empty
23,23, Crested Butte ,https://www.skiresort.info/ski-resort/crested-butte/,151.0,Mount Crested Butte,Colorado,121.0,31.4,69.0,20.6,Crested Butte,Empty,Empty,Empty,Empty,Empty
24,24, Powder Mountain ,https://www.skiresort.info/ski-resort/powder-mountain/,99.0,Eden,Utah,135.0,30.0,50.0,55.0,Powder Mountain,Empty,Empty,Empty,Empty,Empty
25,25, Whiteface – Lake Placid ,https://www.skiresort.info/ski-resort/whiteface-lake-placid/,115.0,Lake Placid,The Adirondacks,37.0,12.8,15.9,8.3,Whiteface – Lake Placid,Empty,Empty,Empty,Empty,Empty
26,26, Mt. Bachelor ,https://www.skiresort.info/ski-resort/mt-bachelor/,169.0,Bend,Oregon,100.0,15.0,25.0,60.0,Mt. Bachelor,Empty,Empty,Empty,Empty,Empty
27,27, Northstar California Resort ,https://www.skiresort.info/ski-resort/northstar-california-resort/,170.0,Truckee,Lake Tahoe,97.0,25.0,45.0,27.0,Northstar California Resort,Empty,Empty,Empty,Empty,Empty
28,28, Yellowstone Club ,https://www.skiresort.info/ski-resort/yellowstone-club/,Empty,Yellowstone Club,Montana,80.0,30.0,30.0,20.0,Yellowstone Club,Empty,Empty,Empty,Empty,Empty
29,29, Snowbird ,https://www.skiresort.info/ski-resort/snowbird/,165.0,Snowbird,Salt Lake City,103.0,27.0,38.0,38.0,Snowbird,Empty,Empty,Empty,Empty,Empty
30,30, Bald Mountain – Sun Valley ,https://www.skiresort.info/ski-resort/bald-mountain-sun-valley/,165.0,Empty,Idaho,92.0,35.0,40.0,17.0,Bald Mountain – Sun Valley,Empty,Empty,Empty,Empty,Empty
31,31, Schweitzer Mountain Resort ,https://www.skiresort.info/ski-resort/schweitzer-mountain-resort/,95.0,Sandpoint,Idaho,95.0,20.0,40.0,35.0,Schweitzer Mountain Resort,Empty,Empty,Empty,Empty,Empty
32,32, Arapahoe Basin ,https://www.skiresort.info/ski-resort/arapahoe-basin/,158.0,Keystone,Colorado,105.0,40.0,25.0,40.0,Arapahoe Basin,Empty,Empty,Empty,Empty,Empty
33,33, Mt. Hood Meadows ,https://www.skiresort.info/ski-resort/mt-hood-meadows/,129.0,Government Camp,Oregon,90.0,13.5,45.0,31.5,Mt. Hood Meadows,Empty,Empty,Empty,Empty,Empty
34,34, Stratton ,https://www.skiresort.info/ski-resort/stratton/,125.0,Stratton,Vermont,92.0,60.0,20.0,12.0,Stratton,Empty,Empty,Empty,Empty,Empty
35,35, Wenatchee – Mission Ridge ,https://www.skiresort.info/ski-resort/wenatchee-mission-ridge/,74.0,Wenatchee,Washington State,100.0,10.0,60.0,30.0,Wenatchee – Mission Ridge,Empty,Empty,Empty,Empty,Empty
36,36, Taos ,https://www.skiresort.info/ski-resort/taos/,128.0,Taos Ski Valley,New Mexico,113.0,27.0,28.0,58.0,Taos,Empty,Empty,Empty,Empty,Empty
37,37, Mt. Rose ,https://www.skiresort.info/ski-resort/mt-rose/,145.0,Reno,Lake Tahoe,100.0,20.0,30.0,50.0,Mt. Rose,Empty,Empty,Empty,Empty,Empty
38,38, Aspen Mountain ,https://www.skiresort.info/ski-resort/aspen-mountain/,199.0,Aspen,Aspen Snowmass,103.0,0.0,49.0,54.0,Aspen Mountain,Empty,Empty,Empty,Empty,Empty
39,39, Sugar Bowl ,https://www.skiresort.info/ski-resort/sugar-bowl/,125.0,Truckee,Lake Tahoe,90.0,15.3,40.5,34.2,Sugar Bowl,Empty,Empty,Empty,Empty,Empty
40,40, Whitefish Mountain Resort ,https://www.skiresort.info/ski-resort/whitefish-mountain-resort/,85.0,Whitefish Mountain Village,Montana,91.0,18.0,46.0,27.0,Whitefish Mountain Resort,Empty,Empty,Empty,Empty,Empty
41,41, Angel Fire ,https://www.skiresort.info/ski-resort/angel-fire/,79.0,Angel Fire,New Mexico,75.0,40.0,28.0,7.0,Angel Fire,Empty,Empty,Empty,Empty,Empty
42,42, Wolf Creek ,https://www.skiresort.info/ski-resort/wolf-creek/,80.0,Pagosa Springs,Colorado,100.0,20.0,35.0,45.0,Wolf Creek,Empty,Empty,Empty,Empty,Empty
43,43, Sugarbush ,https://www.skiresort.info/ski-resort/sugarbush/,119.0,Warren,Vermont,85.0,17.0,38.0,30.0,Sugarbush,Empty,Empty,Empty,Empty,Empty
44,44, Purgatory – Durango ,https://www.skiresort.info/ski-resort/purgatory-durango/,89.0,Durango,Colorado,85.0,15.0,40.0,30.0,Purgatory – Durango,Empty,Empty,Empty,Empty,Empty
45,45, Sugarloaf ,https://www.skiresort.info/ski-resort/sugarloaf/,119.0,Carrabassett Valley,Maine,87.0,20.0,30.0,37.0,Sugarloaf,Empty,Empty,Empty,Empty,Empty
46,46, Brighton ,https://www.skiresort.info/ski-resort/brighton/,97.0,Sandy,Salt Lake City,66.0,10.0,18.0,38.0,Brighton,Empty,Empty,Empty,Empty,Empty
47,47, Okemo ,https://www.skiresort.info/ski-resort/okemo/,119.0,Ludlow,Vermont,70.0,22.0,26.0,22.0,Okemo,Empty,Empty,Empty,Empty,Empty
48,48, Mt. Baker ,https://www.skiresort.info/ski-resort/mt-baker/,68.58,Glacier,Washington State,100.0,24.0,45.0,31.0,Mt. Baker,Empty,Empty,Empty,Empty,Empty
49,49, Bolton Valley ,https://www.skiresort.info/ski-resort/bolton-valley/,84.0,Burlington,Vermont,30.0,15.0,10.0,5.0,Bolton Valley,Empty,Empty,Empty,Empty,Empty
50,50, Jay Peak ,https://www.skiresort.info/ski-resort/jay-peak/,89.0,Jay,Vermont,76.0,15.0,31.0,30.0,Jay Peak,Empty,Empty,Empty,Empty,Empty
51,51, Solitude ,https://www.skiresort.info/ski-resort/solitude/,125.0,Salt Lake City,Salt Lake City,64.0,20.0,30.0,14.0,Solitude,Empty,Empty,Empty,Empty,Empty
52,52, Brian Head ,https://www.skiresort.info/ski-resort/brian-head/,59.0,Parowan,Utah,71.0,22.0,24.0,25.0,Brian Head,Empty,Empty,Empty,Empty,Empty
53,53, Bear Valley ,https://www.skiresort.info/ski-resort/bear-valley/,99.0,Bear Valley,California,67.0,17.0,27.0,23.0,Bear Valley,Empty,Empty,Empty,Empty,Empty
54,54, Alyeska Resort – Girdwood ,https://www.skiresort.info/ski-resort/alyeska-resort-girdwood/,89.0,Anchorage,Alaska,62.0,14.0,31.0,17.0,Alyeska Resort – Girdwood,Empty,Empty,Empty,Empty,Empty
55,55, Bretton Woods ,https://www.skiresort.info/ski-resort/bretton-woods/,104.0,Twin Mountain,New Hampshire,56.0,25.0,16.0,15.0,Bretton Woods,Empty,Empty,Empty,Empty,Empty
56,56, Mount Snow ,https://www.skiresort.info/ski-resort/mount-snow/,110.0,West Dover,Vermont,60.0,6.0,46.0,8.0,Mount Snow,Empty,Empty,Empty,Empty,Empty
57,57, Red Lodge Mountain ,https://www.skiresort.info/ski-resort/red-lodge-mountain/,84.0,Red Lodge,Montana,65.0,11.0,30.0,24.0,Red Lodge Mountain,Empty,Empty,Empty,Empty,Empty
58,58, Smugglers' Notch ,https://www.skiresort.info/ski-resort/smugglers-notch/,90.0,Jeffersonville,Vermont,78.0,13.0,41.0,24.0,Smugglers' Notch,Empty,Empty,Empty,Empty,Empty
59,59, Bridger Bowl – Bozeman ,https://www.skiresort.info/ski-resort/bridger-bowl-bozeman/,63.0,Bozeman,Montana,71.0,20.0,26.0,25.0,Bridger Bowl – Bozeman,Empty,Empty,Empty,Empty,Empty
60,60, Bogus Basin ,https://www.skiresort.info/ski-resort/bogus-basin/,64.0,Boise,Idaho,50.0,11.0,22.0,17.0,Bogus Basin,Empty,Empty,Empty,Empty,Empty
61,61, Kirkwood ,https://www.skiresort.info/ski-resort/kirkwood/,119.0,Kirkwood,Lake Tahoe,65.0,15.0,30.0,20.0,Kirkwood,Empty,Empty,Empty,Empty,Empty
62,62, Gore Mountain ,https://www.skiresort.info/ski-resort/gore-mountain/,94.0,North Creek,The Adirondacks,58.2,6.7,28.2,23.3,Gore Mountain,Empty,Empty,Empty,Empty,Empty
63,63, Sierra at Tahoe ,https://www.skiresort.info/ski-resort/sierra-at-tahoe/,115.0,South Lake Tahoe,Lake Tahoe,46.5,12.0,23.0,11.5,Sierra at Tahoe,Empty,Empty,Empty,Empty,Empty
64,64, Crystal Mountain (WA) ,https://www.skiresort.info/ski-resort/crystal-mountain-wa/,149.0,Enumclaw,Washington State,50.0,8.0,27.0,15.0,Crystal Mountain (WA),Empty,Empty,Empty,Empty,Empty
65,65, 49 Degrees North Mountain Resort ,https://www.skiresort.info/ski-resort/49-degrees-north-mountain-resort/,62.0,Chewelah,Washington State,68.0,20.0,27.0,21.0,49 Degrees North Mountain Resort,Empty,Empty,Empty,Empty,Empty
66,66, Timberline ,https://www.skiresort.info/ski-resort/timberline/,89.0,Welches,Oregon,31.0,8.0,15.0,8.0,Timberline,Empty,Empty,Empty,Empty,Empty
67,67, Snowbasin ,https://www.skiresort.info/ski-resort/snowbasin/,135.0,Huntsville (Utah),Utah,48.0,5.0,28.0,15.0,Snowbasin,Empty,Empty,Empty,Empty,Empty
68,68, Loon Mountain ,https://www.skiresort.info/ski-resort/loon-mountain/,104.0,Lincoln,New Hampshire,45.0,13.0,26.0,6.0,Loon Mountain,Empty,Empty,Empty,Empty,Empty
69,69, Apache ,https://www.skiresort.info/ski-resort/apache/,74.0,Ruidoso,New Mexico,55.0,12.0,18.0,25.0,Apache,Empty,Empty,Empty,Empty,Empty
70,70, Hunter Mountain ,https://www.skiresort.info/ski-resort/hunter-mountain/,91.0,Tannersville,The Catskills,55.0,18.0,18.0,19.0,Hunter Mountain,Empty,Empty,Empty,Empty,Empty
71,71, Tamarack Resort ,https://www.skiresort.info/ski-resort/tamarack-resort/,100.0,Donnelly,Idaho,42.0,12.0,20.0,10.0,Tamarack Resort,Empty,Empty,Empty,Empty,Empty
72,72, Windham Mountain ,https://www.skiresort.info/ski-resort/windham-mountain/,98.0,Windham,The Catskills,46.0,20.0,16.0,10.0,Windham Mountain,Empty,Empty,Empty,Empty,Empty
73,73, Arizona Snowbowl ,https://www.skiresort.info/ski-resort/arizona-snowbowl/,99.0,Flagstaff,Arizona,37.0,12.0,14.0,11.0,Arizona Snowbowl,Empty,Empty,Empty,Empty,Empty
74,74, Mt. Hood Skibowl ,https://www.skiresort.info/ski-resort/mt-hood-skibowl/,59.0,Government Camp,Oregon,65.0,15.0,15.0,35.0,Mt. Hood Skibowl,Empty,Empty,Empty,Empty,Empty
75,75, Grand Targhee ,https://www.skiresort.info/ski-resort/grand-targhee/,110.0,Driggs,Wyoming,35.0,5.0,15.0,15.0,Grand Targhee,Empty,Empty,Empty,Empty,Empty
76,76, Holiday Valley ,https://www.skiresort.info/ski-resort/holiday-valley/,85.0,Ellicottville,Chautauqua-Allegheny,48.0,16.0,13.0,19.0,Holiday Valley,Empty,Empty,Empty,Empty,Empty
77,77, Stevens Pass ,https://www.skiresort.info/ski-resort/stevens-pass/,100.0,Skykomish,Washington State,39.0,6.0,18.0,15.0,Stevens Pass,Empty,Empty,Empty,Empty,Empty
78,78, Cannon Mountain ,https://www.skiresort.info/ski-resort/cannon-mountain/,79.0,Franconia,New Hampshire,50.0,15.0,25.0,10.0,Cannon Mountain,Empty,Empty,Empty,Empty,Empty
79,79, Lutsen Mountains ,https://www.skiresort.info/ski-resort/lutsen-mountains/,84.0,Lutsen,Minnesota,40.0,8.0,19.0,13.0,Lutsen Mountains,Empty,Empty,Empty,Empty,Empty
80,80, Eldora Mountain ,https://www.skiresort.info/ski-resort/eldora-mountain/,129.0,Nederland,Colorado,52.0,11.0,26.0,15.0,Eldora Mountain,Empty,Empty,Empty,Empty,Empty
81,81, Loveland ,https://www.skiresort.info/ski-resort/loveland/,89.0,Silverthorne,Colorado,93.0,12.0,38.0,43.0,Loveland,Empty,Empty,Empty,Empty,Empty
82,82, Pico Mountain ,https://www.skiresort.info/ski-resort/pico-mountain/,85.0,Killington,Vermont,30.4,5.4,14.0,11.0,Pico Mountain,Empty,Empty,Empty,Empty,Empty
83,83, White Pass ,https://www.skiresort.info/ski-resort/white-pass/,69.0,Naches,Washington State,30.0,10.0,12.0,8.0,White Pass,Empty,Empty,Empty,Empty,Empty
84,84, Lost Trail Powder Mountain ,https://www.skiresort.info/ski-resort/lost-trail-powder-mountain/,46.0,Sula,Montana,50.0,15.0,25.0,10.0,Lost Trail Powder Mountain,Empty,Empty,Empty,Empty,Empty
85,85, Powderhorn ,https://www.skiresort.info/ski-resort/powderhorn/,79.0,Mesa,Colorado,38.0,5.0,15.0,18.0,Powderhorn,Empty,Empty,Empty,Empty,Empty
86,86, Gunstock ,https://www.skiresort.info/ski-resort/gunstock/,92.0,Gilford,New Hampshire,40.0,5.0,25.0,10.0,Gunstock,Empty,Empty,Empty,Empty,Empty
87,87, June Mountain ,https://www.skiresort.info/ski-resort/june-mountain/,129.0,June Lake,Mammoth Lakes,35.7,2.1,12.9,20.7,June Mountain,Empty,Empty,Empty,Empty,Empty
88,88, China Peak ,https://www.skiresort.info/ski-resort/china-peak/,104.0,Clovis,California,50.0,20.0,17.0,13.0,China Peak,Empty,Empty,Empty,Empty,Empty
89,89, Donner Ski Ranch ,https://www.skiresort.info/ski-resort/donner-ski-ranch/,79.0,Truckee,Lake Tahoe,52.0,13.0,26.0,13.0,Donner Ski Ranch,Empty,Empty,Empty,Empty,Empty
90,90, Mad River Glen ,https://www.skiresort.info/ski-resort/mad-river-glen/,92.0,Waitsfield,Vermont,46.0,14.0,17.0,15.0,Mad River Glen,Empty,Empty,Empty,Empty,Empty
91,91, Discovery Ski Area ,https://www.skiresort.info/ski-resort/discovery-ski-area/,49.0,Philipsburg,Montana,45.0,12.0,12.0,21.0,Discovery Ski Area,Empty,Empty,Empty,Empty,Empty
92,92, Great Divide ,https://www.skiresort.info/ski-resort/great-divide/,48.0,Marysville,Montana,50.0,10.0,20.0,20.0,Great Divide,Empty,Empty,Empty,Empty,Empty
93,93, Dodge Ridge ,https://www.skiresort.info/ski-resort/dodge-ridge/,78.0,Sonora,California,50.0,10.0,20.0,20.0,Dodge Ridge,Empty,Empty,Empty,Empty,Empty
94,94, Cranmore Mountain Resort ,https://www.skiresort.info/ski-resort/cranmore-mountain-resort/,89.0,North Conway,New Hampshire,43.0,16.0,19.0,8.0,Cranmore Mountain Resort,Empty,Empty,Empty,Empty,Empty
95,95, Attitash Mountain Resort ,https://www.skiresort.info/ski-resort/attitash-mountain-resort/,94.0,North Conway,New Hampshire,37.0,7.4,17.4,12.2,Attitash Mountain Resort,Empty,Empty,Empty,Empty,Empty
96,96, Mt. Sunapee ,https://www.skiresort.info/ski-resort/mt-sunapee/,99.0,Newbury,New Hampshire,30.0,8.0,16.0,6.0,Mt. Sunapee,Empty,Empty,Empty,Empty,Empty
97,97, Sundance ,https://www.skiresort.info/ski-resort/sundance/,85.0,Provo,Utah,44.0,15.0,20.0,9.0,Sundance,Empty,Empty,Empty,Empty,Empty
98,98, Silver Mountain ,https://www.skiresort.info/ski-resort/silver-mountain/,62.0,Kellogg,Idaho,25.0,4.0,8.0,13.0,Silver Mountain,Empty,Empty,Empty,Empty,Empty
99,99, Brundage Mountain ,https://www.skiresort.info/ski-resort/brundage-mountain/,70.0,McCall,Idaho,30.0,6.0,15.0,9.0,Brundage Mountain,Empty,Empty,Empty,Empty,Empty
100,100, Bear Mountain – Big Bear Lake ,https://www.skiresort.info/ski-resort/bear-mountain-big-bear-lake/,Empty,Big Bear Lake,California,27.2,8.0,11.2,8.0,Bear Mountain – Big Bear Lake,Empty,Empty,Empty,Empty,Empty
101,101, Terry Peak ,https://www.skiresort.info/ski-resort/terry-peak/,58.0,Lead,South Dakota,16.0,4.7,7.2,4.1,Terry Peak,Empty,Empty,Empty,Empty,Empty
102,102, Ragged Mountain ,https://www.skiresort.info/ski-resort/ragged-mountain/,84.0,Danbury,New Hampshire,22.5,4.5,10.0,8.0,Ragged Mountain,Empty,Empty,Empty,Empty,Empty
103,103, Snowshoe Mountain ,https://www.skiresort.info/ski-resort/snowshoe-mountain/,119.0,Marlinton,West Virginia,31.0,14.0,11.0,6.0,Snowshoe Mountain,Empty,Empty,Empty,Empty,Empty
104,104, Saddleback ,https://www.skiresort.info/ski-resort/saddleback/,79.0,Rangeley,Maine,22.0,4.0,8.0,10.0,Saddleback,Empty,Empty,Empty,Empty,Empty
105,105, Snow Valley ,https://www.skiresort.info/ski-resort/snow-valley/,89.0,Highland,California,34.0,4.0,20.0,10.0,Snow Valley,Empty,Empty,Empty,Empty,Empty
106,106, Beaver Mountain ,https://www.skiresort.info/ski-resort/beaver-mountain/,50.0,Logan,Utah,30.0,10.0,12.0,8.0,Beaver Mountain,Empty,Empty,Empty,Empty,Empty
107,107, Wildcat Mountain ,https://www.skiresort.info/ski-resort/wildcat-mountain/,94.0,Jackson,New Hampshire,25.0,5.2,12.1,7.7,Wildcat Mountain,Empty,Empty,Empty,Empty,Empty
108,108, Santa Fé ,https://www.skiresort.info/ski-resort/santa-fe/,80.0,Santa Fe,New Mexico,34.0,9.0,15.0,10.0,Santa Fé,Empty,Empty,Empty,Empty,Empty
109,109, Timberline Mountain ,https://www.skiresort.info/ski-resort/timberline-mountain/,84.0,Davis,West Virginia,18.0,6.0,6.0,6.0,Timberline Mountain,Empty,Empty,Empty,Empty,Empty
110,110, Camelback ,https://www.skiresort.info/ski-resort/camelback/,70.0,Stroudsburg,Pennsylvania,34.0,20.0,11.0,3.0,Camelback,Empty,Empty,Empty,Empty,Empty
111,111, Waterville Valley ,https://www.skiresort.info/ski-resort/waterville-valley/,96.0,Waterville Valley,New Hampshire,25.0,3.5,16.0,5.5,Waterville Valley,Empty,Empty,Empty,Empty,Empty
112,112, Willamette Pass – Crescent ,https://www.skiresort.info/ski-resort/willamette-pass-crescent/,60.0,Crescent,Oregon,29.0,6.0,13.0,10.0,Willamette Pass – Crescent,Empty,Empty,Empty,Empty,Empty
113,113, Snow Summit – Big Bear Lake ,https://www.skiresort.info/ski-resort/snow-summit-big-bear-lake/,Empty,Big Bear Lake,California,29.0,10.0,12.0,7.0,Snow Summit – Big Bear Lake,Empty,Empty,Empty,Empty,Empty
114,114, Montana Snowbowl ,https://www.skiresort.info/ski-resort/montana-snowbowl/,50.0,Missoula,Montana,31.0,5.0,12.0,14.0,Montana Snowbowl,Empty,Empty,Empty,Empty,Empty
115,115, Lookout Pass ,https://www.skiresort.info/ski-resort/lookout-pass/,49.0,Mullan,Idaho,31.0,8.0,14.0,9.0,Lookout Pass,Empty,Empty,Empty,Empty,Empty
116,116, Mountain Creek – Vernon ,https://www.skiresort.info/ski-resort/mountain-creek-vernon/,79.99,Vernon Township,New Jersey,24.0,4.0,14.0,6.0,Mountain Creek – Vernon,Empty,Empty,Empty,Empty,Empty
117,117, Belleayre Mountain ,https://www.skiresort.info/ski-resort/belleayre-mountain/,95.0,Margaretville,The Catskills,20.0,5.0,11.0,4.0,Belleayre Mountain,Empty,Empty,Empty,Empty,Empty
118,118, Haystack Mountain – The Hermitage Club ,https://www.skiresort.info/ski-resort/haystack-mountain-the-hermitage-club/,Empty,Wilmington,Vermont,19.3,5.6,9.5,4.2,Haystack Mountain – The Hermitage Club,Empty,Empty,Empty,Empty,Empty
119,119, Monarch ,https://www.skiresort.info/ski-resort/monarch/,89.0,Salida,Colorado,31.0,5.0,14.0,12.0,Monarch,Empty,Empty,Empty,Empty,Empty
120,120, The Summit at Snoqualmie ,https://www.skiresort.info/ski-resort/the-summit-at-snoqualmie/,95.0,North Bend,Washington State,27.9,5.2,13.7,9.0,The Summit at Snoqualmie,Empty,Empty,Empty,Empty,Empty
121,121, Mt. Spokane ,https://www.skiresort.info/ski-resort/mt-spokane/,62.0,Mead,Washington State,26.0,7.0,5.0,14.0,Mt. Spokane,Empty,Empty,Empty,Empty,Empty
122,122, Sandia Peak ,https://www.skiresort.info/ski-resort/sandia-peak/,55.0,Sandia Park,New Mexico,31.0,8.0,20.0,3.0,Sandia Peak,Empty,Empty,Empty,Empty,Empty
123,123, Bristol Mountain ,https://www.skiresort.info/ski-resort/bristol-mountain/,79.0,Rochester,Finger Lakes,20.0,6.0,10.0,4.0,Bristol Mountain,Empty,Empty,Empty,Empty,Empty
124,124, Wachusett Mountain ,https://www.skiresort.info/ski-resort/wachusett-mountain/,71.0,Westminster,Massachusetts,12.0,3.6,4.8,3.6,Wachusett Mountain,Empty,Empty,Empty,Empty,Empty
125,125, Pats Peak ,https://www.skiresort.info/ski-resort/pats-peak/,72.0,Henniker,New Hampshire,33.0,10.0,8.0,15.0,Pats Peak,Empty,Empty,Empty,Empty,Empty
126,126, Boyne Highlands ,https://www.skiresort.info/ski-resort/boyne-highlands/,98.0,Harbor Springs,Michigan,25.7,10.3,7.7,7.7,Boyne Highlands,Empty,Empty,Empty,Empty,Empty
127,127, Granby Ranch ,https://www.skiresort.info/ski-resort/granby-ranch/,84.0,Empty,Colorado,20.0,6.0,10.0,4.0,Granby Ranch,Empty,Empty,Empty,Empty,Empty
128,128, Granite Peak at Rib Mountain State Park ,https://www.skiresort.info/ski-resort/granite-peak-at-rib-mountain-state-park/,82.0,Wausau,Wisconsin,20.0,10.0,5.0,5.0,Granite Peak at Rib Mountain State Park,Empty,Empty,Empty,Empty,Empty
129,129, Magic Mountain ,https://www.skiresort.info/ski-resort/magic-mountain/,74.0,Londonderry,Vermont,23.0,7.0,7.0,9.0,Magic Mountain,Empty,Empty,Empty,Empty,Empty
130,130, Diamond Peak ,https://www.skiresort.info/ski-resort/diamond-peak/,109.0,Incline Village,Lake Tahoe,16.3,1.6,7.1,7.6,Diamond Peak,Empty,Empty,Empty,Empty,Empty
131,131, Homewood Mountain Resort ,https://www.skiresort.info/ski-resort/homewood-mountain-resort/,Empty,Homewood,Lake Tahoe,20.0,6.0,13.0,1.0,Homewood Mountain Resort,Empty,Empty,Empty,Empty,Empty
132,132, Sugar Mountain ,https://www.skiresort.info/ski-resort/sugar-mountain/,75.0,Sugar Mountain,North Carolina,14.0,4.0,7.0,3.0,Sugar Mountain,Empty,Empty,Empty,Empty,Empty
133,133, Titus Mountain ,https://www.skiresort.info/ski-resort/titus-mountain/,49.0,Malone,The Adirondacks,27.0,10.0,10.0,7.0,Titus Mountain,Empty,Empty,Empty,Empty,Empty
134,134, Maverick Mountain ,https://www.skiresort.info/ski-resort/maverick-mountain/,39.0,Polaris,Montana,20.0,6.0,8.0,6.0,Maverick Mountain,Empty,Empty,Empty,Empty,Empty
135,135, Soldier Mountain ,https://www.skiresort.info/ski-resort/soldier-mountain/,43.0,Fairfield,Idaho,25.0,9.0,8.0,8.0,Soldier Mountain,Empty,Empty,Empty,Empty,Empty
136,136, Mountain High East ,https://www.skiresort.info/ski-resort/mountain-high-east/,84.0,Wrightwood,California,11.0,2.0,5.0,4.0,Mountain High East,Empty,Empty,Empty,Empty,Empty
137,137, Boreal ,https://www.skiresort.info/ski-resort/boreal/,Empty,Truckee,Lake Tahoe,20.0,6.0,11.0,3.0,Boreal,Empty,Empty,Empty,Empty,Empty
138,138, Mt. Baldy ,https://www.skiresort.info/ski-resort/mt-baldy/,76.0,Mt Baldy,California,20.0,3.0,6.0,11.0,Mt. Baldy,Empty,Empty,Empty,Empty,Empty
139,139, Shawnee Peak ,https://www.skiresort.info/ski-resort/shawnee-peak/,75.0,Bridgton,Maine,23.0,4.0,12.0,7.0,Shawnee Peak,Empty,Empty,Empty,Empty,Empty
140,140, Holimont ,https://www.skiresort.info/ski-resort/holimont/,75.0,Ellicottville,Chautauqua-Allegheny,20.0,4.0,6.0,10.0,Holimont,Empty,Empty,Empty,Empty,Empty
141,141, Mt. Shasta Ski Park ,https://www.skiresort.info/ski-resort/mt-shasta-ski-park/,65.0,McCloud,California,23.0,5.0,8.0,10.0,Mt. Shasta Ski Park,Empty,Empty,Empty,Empty,Empty
142,142, Sunlight Mountain ,https://www.skiresort.info/ski-resort/sunlight-mountain/,65.0,Glenwood Springs,Colorado,20.0,4.0,11.0,5.0,Sunlight Mountain,Empty,Empty,Empty,Empty,Empty
143,143, Pebble Creek ,https://www.skiresort.info/ski-resort/pebble-creek/,47.0,Inkom,Idaho,19.0,6.0,9.0,4.0,Pebble Creek,Empty,Empty,Empty,Empty,Empty
144,144, Cooper ,https://www.skiresort.info/ski-resort/cooper/,56.0,Leadville,Colorado,26.0,8.0,10.0,8.0,Cooper,Empty,Empty,Empty,Empty,Empty
145,145, Butternut ,https://www.skiresort.info/ski-resort/butternut/,65.0,Great Barrington,Massachusetts,22.0,4.4,13.2,4.4,Butternut,Empty,Empty,Empty,Empty,Empty
146,146, Showdown ,https://www.skiresort.info/ski-resort/showdown/,47.0,White Sulphur Springs,Montana,20.0,6.0,8.0,6.0,Showdown,Empty,Empty,Empty,Empty,Empty
147,147, Cascade Mountain ,https://www.skiresort.info/ski-resort/cascade-mountain/,69.0,Empty,Wisconsin,14.0,5.0,5.0,4.0,Cascade Mountain,Empty,Empty,Empty,Empty,Empty
148,148, Cherry Peak ,https://www.skiresort.info/ski-resort/cherry-peak/,40.0,Logan,Utah,20.0,5.0,10.0,5.0,Cherry Peak,Empty,Empty,Empty,Empty,Empty
149,149, Seven Springs ,https://www.skiresort.info/ski-resort/seven-springs/,89.0,Champion,Pennsylvania,17.0,6.0,7.0,4.0,Seven Springs,Empty,Empty,Empty,Empty,Empty
150,150, Deer Mountain  (temporarily closed) ,https://www.skiresort.info/ski-resort/deer-mountain/,Empty,Lead,South Dakota,22.0,10.0,7.0,5.0,Deer Mountain  (temporarily closed),Empty,Empty,Empty,Empty,Empty
151,151, Red River ,https://www.skiresort.info/ski-resort/red-river/,79.0,Red River,New Mexico,20.0,7.0,6.0,7.0,Red River,Empty,Empty,Empty,Empty,Empty
152,152, Burke Mountain ,https://www.skiresort.info/ski-resort/burke-mountain/,73.0,Saint Johnsbury,Vermont,10.0,2.0,4.0,4.0,Burke Mountain,Empty,Empty,Empty,Empty,Empty
153,153, Nordic Valley ,https://www.skiresort.info/ski-resort/nordic-valley/,50.0,Eden,Utah,9.5,2.5,4.0,3.0,Nordic Valley,Empty,Empty,Empty,Empty,Empty
154,154, Eagle Point ,https://www.skiresort.info/ski-resort/eagle-point/,70.0,Beaver,Utah,20.0,6.0,9.0,5.0,Eagle Point,Empty,Empty,Empty,Empty,Empty
155,155, Greek Peak ,https://www.skiresort.info/ski-resort/greek-peak/,84.0,Virgil,Finger Lakes,19.0,9.0,4.0,6.0,Greek Peak,Empty,Empty,Empty,Empty,Empty
156,156, Wintergreen Resort ,https://www.skiresort.info/ski-resort/wintergreen-resort/,89.0,Wintergreen,Virginia,10.0,2.0,4.0,4.0,Wintergreen Resort,Empty,Empty,Empty,Empty,Empty
157,157, Mountain High West ,https://www.skiresort.info/ski-resort/mountain-high-west/,84.0,Wrightwood,California,15.0,3.0,5.0,7.0,Mountain High West,Empty,Empty,Empty,Empty,Empty
158,158, Spirit Mountain ,https://www.skiresort.info/ski-resort/spirit-mountain/,59.0,Duluth,Minnesota,11.0,4.0,5.0,2.0,Spirit Mountain,Empty,Empty,Empty,Empty,Empty
159,159, Bigrock Mountain ,https://www.skiresort.info/ski-resort/bigrock-mountain/,40.0,Houlton,Maine,20.0,2.0,14.0,4.0,Bigrock Mountain,Empty,Empty,Empty,Empty,Empty
160,160, Arctic Valley ,https://www.skiresort.info/ski-resort/arctic-valley/,45.0,Anchorage,Alaska,25.0,5.0,10.0,10.0,Arctic Valley,Empty,Empty,Empty,Empty,Empty
161,161, Shawnee Mountain ,https://www.skiresort.info/ski-resort/shawnee-mountain/,65.0,Stroudsburg,Pennsylvania,18.0,4.0,9.0,5.0,Shawnee Mountain,Empty,Empty,Empty,Empty,Empty
162,162, Pine Creek ,https://www.skiresort.info/ski-resort/pine-creek/,45.0,Cokeville,Wyoming,16.0,4.0,7.0,5.0,Pine Creek,Empty,Empty,Empty,Empty,Empty
163,163, Wisp – McHenry (Deep Creek Lake) ,https://www.skiresort.info/ski-resort/wisp-mchenry-deep-creek-lake/,89.0,McHenry,Maryland,16.0,5.6,6.1,4.3,Wisp – McHenry (Deep Creek Lake),Empty,Empty,Empty,Empty,Empty
164,164, Kissing Bridge ,https://www.skiresort.info/ski-resort/kissing-bridge/,60.0,Boston,Greater Niagara,17.8,4.5,4.8,8.5,Kissing Bridge,Empty,Empty,Empty,Empty,Empty
165,165, Skiland – Mt. Aurora ,https://www.skiresort.info/ski-resort/skiland-mt-aurora/,40.0,Fairbanks,Alaska,17.0,4.0,9.0,4.0,Skiland – Mt. Aurora,Empty,Empty,Empty,Empty,Empty
166,166, Hoodoo Ski Area ,https://www.skiresort.info/ski-resort/hoodoo-ski-area/,59.0,Sisters,Oregon,17.0,6.0,8.0,3.0,Hoodoo Ski Area,Empty,Empty,Empty,Empty,Empty
167,167, Alpental ,https://www.skiresort.info/ski-resort/alpental/,95.0,North Bend,Washington State,9.6,0.5,2.3,6.8,Alpental,Empty,Empty,Empty,Empty,Empty
168,168, Eaglecrest – Juneau ,https://www.skiresort.info/ski-resort/eaglecrest-juneau/,59.0,Juneau,Alaska,17.0,3.4,6.8,6.8,Eaglecrest – Juneau,Empty,Empty,Empty,Empty,Empty
169,169, Snowy Range ,https://www.skiresort.info/ski-resort/snowy-range/,49.0,Centennial,Wyoming,16.5,4.5,9.0,3.0,Snowy Range,Empty,Empty,Empty,Empty,Empty
170,170, Plattekill ,https://www.skiresort.info/ski-resort/plattekill/,67.0,Roxbury,The Catskills,16.5,4.5,6.0,6.0,Plattekill,Empty,Empty,Empty,Empty,Empty
171,171, Boyne Mountain ,https://www.skiresort.info/ski-resort/boyne-mountain/,98.0,Boyne Falls,Michigan,14.0,4.5,6.0,3.5,Boyne Mountain,Empty,Empty,Empty,Empty,Empty
172,172, Blue Knob ,https://www.skiresort.info/ski-resort/blue-knob/,75.0,Altoona,Pennsylvania,16.0,5.0,8.0,3.0,Blue Knob,Empty,Empty,Empty,Empty,Empty
173,173, Nub's Nob Ski Area ,https://www.skiresort.info/ski-resort/nubs-nob-ski-area/,85.0,Harbor Springs,Michigan,18.9,6.2,9.0,3.7,Nub's Nob Ski Area,Empty,Empty,Empty,Empty,Empty
174,174, Labrador Mountain ,https://www.skiresort.info/ski-resort/labrador-mountain/,61.0,Tully,Finger Lakes,17.0,6.0,6.0,5.0,Labrador Mountain,Empty,Empty,Empty,Empty,Empty
175,175, Giants Ridge ,https://www.skiresort.info/ski-resort/giants-ridge/,58.0,Biwabik,Minnesota,12.0,4.0,5.0,3.0,Giants Ridge,Empty,Empty,Empty,Empty,Empty
176,176, Middlebury College Snow Bowl ,https://www.skiresort.info/ski-resort/middlebury-college-snow-bowl/,60.0,Hancock,Vermont,15.0,5.0,4.0,6.0,Middlebury College Snow Bowl,Empty,Empty,Empty,Empty,Empty
177,177, Pomerelle ,https://www.skiresort.info/ski-resort/pomerelle/,45.0,Malta,Idaho,15.0,4.0,7.0,4.0,Pomerelle,Empty,Empty,Empty,Empty,Empty
178,178, Sipapu ,https://www.skiresort.info/ski-resort/sipapu/,55.0,Vadito,New Mexico,18.0,3.0,7.0,8.0,Sipapu,Empty,Empty,Empty,Empty,Empty
179,179, Catamount ,https://www.skiresort.info/ski-resort/catamount/,69.0,Great Barrington,Hudson Valley,15.0,8.0,4.0,3.0,Catamount,Empty,Empty,Empty,Empty,Empty
180,180, Beech Mountain ,https://www.skiresort.info/ski-resort/beech-mountain/,70.0,Banner Elk,North Carolina,14.0,3.0,7.0,4.0,Beech Mountain,Empty,Empty,Empty,Empty,Empty
181,181, Sleeping Giant ,https://www.skiresort.info/ski-resort/sleeping-giant/,46.0,Cody,Wyoming,17.0,3.0,8.0,6.0,Sleeping Giant,Empty,Empty,Empty,Empty,Empty
182,182, Dollar Mountain – Sun Valley ,https://www.skiresort.info/ski-resort/dollar-mountain-sun-valley/,139.0,Empty,Idaho,9.0,7.0,2.0,0.0,Dollar Mountain – Sun Valley,Empty,Empty,Empty,Empty,Empty
183,183, Whitetail ,https://www.skiresort.info/ski-resort/whitetail/,79.0,Mercersburg,Pennsylvania,10.2,1.5,5.6,3.1,Whitetail,Empty,Empty,Empty,Empty,Empty
184,184, Mt. Ashland ,https://www.skiresort.info/ski-resort/mt-ashland/,52.0,Ashland,Oregon,13.0,1.0,7.0,5.0,Mt. Ashland,Empty,Empty,Empty,Empty,Empty
185,185, Shanty Creek Resorts – Schuss Mountain ,https://www.skiresort.info/ski-resort/shanty-creek-resorts-schuss-mountain/,73.0,Bellaire,Michigan,12.0,5.0,4.0,3.0,Shanty Creek Resorts – Schuss Mountain,Empty,Empty,Empty,Empty,Empty
186,186, Kelly Canyon ,https://www.skiresort.info/ski-resort/kelly-canyon/,42.0,Ririe,Idaho,12.0,4.0,5.0,3.0,Kelly Canyon,Empty,Empty,Empty,Empty,Empty
187,187, Jiminy Peak ,https://www.skiresort.info/ski-resort/jiminy-peak/,91.0,Hancock,Massachusetts,9.1,4.1,2.0,3.0,Jiminy Peak,Empty,Empty,Empty,Empty,Empty
188,188, Song Mountain ,https://www.skiresort.info/ski-resort/song-mountain/,59.0,Tully,Finger Lakes,13.0,4.5,6.0,2.5,Song Mountain,Empty,Empty,Empty,Empty,Empty
189,189, Crotched Mountain ,https://www.skiresort.info/ski-resort/crotched-mountain/,69.0,Keene,New Hampshire,8.0,2.5,4.0,1.5,Crotched Mountain,Empty,Empty,Empty,Empty,Empty
190,190, Mt. Kato ,https://www.skiresort.info/ski-resort/mt-kato/,46.0,Mankato,Minnesota,12.0,2.5,4.5,5.0,Mt. Kato,Empty,Empty,Empty,Empty,Empty
191,191, Loup Loup Ski Bowl ,https://www.skiresort.info/ski-resort/loup-loup-ski-bowl/,50.0,Twisp,Washington State,11.0,3.0,5.0,3.0,Loup Loup Ski Bowl,Empty,Empty,Empty,Empty,Empty
192,192, White Pine – Pinedale ,https://www.skiresort.info/ski-resort/white-pine-pinedale/,49.0,Pinedale,Wyoming,11.6,3.7,2.6,5.3,White Pine – Pinedale,Empty,Empty,Empty,Empty,Empty
193,193, Caberfae Peaks ,https://www.skiresort.info/ski-resort/caberfae-peaks/,59.0,Cadillac,Michigan,11.0,4.0,5.0,2.0,Caberfae Peaks,Empty,Empty,Empty,Empty,Empty
194,194, Tahoe Donner ,https://www.skiresort.info/ski-resort/tahoe-donner/,89.0,Truckee,Lake Tahoe,14.0,6.0,8.0,0.0,Tahoe Donner,Empty,Empty,Empty,Empty,Empty
195,195, Big Powderhorn Mountain ,https://www.skiresort.info/ski-resort/big-powderhorn-mountain/,69.0,Bessemer,Michigan,10.0,3.5,3.5,3.0,Big Powderhorn Mountain,Empty,Empty,Empty,Empty,Empty
196,196, Snow King Mountain – Jackson ,https://www.skiresort.info/ski-resort/snow-king-mountain-jackson/,59.0,Jackson,Wyoming,9.0,3.0,2.5,3.5,Snow King Mountain – Jackson,Empty,Empty,Empty,Empty,Empty
197,197, Bear Creek Mountain Resort ,https://www.skiresort.info/ski-resort/bear-creek-mountain-resort/,60.0,Allentown,Pennsylvania,10.0,3.0,4.0,3.0,Bear Creek Mountain Resort,Empty,Empty,Empty,Empty,Empty
198,198, Bromley Mountain ,https://www.skiresort.info/ski-resort/bromley-mountain/,91.0,Manchester,Vermont,45.0,15.0,18.0,12.0,Bromley Mountain,Empty,Empty,Empty,Empty,Empty
199,199, Mt. Bohemia ,https://www.skiresort.info/ski-resort/mt-bohemia/,68.0,Mohawk,Michigan,13.0,0.0,3.0,10.0,Mt. Bohemia,Empty,Empty,Empty,Empty,Empty
200,200, Swain ,https://www.skiresort.info/ski-resort/swain/,59.0,Swain,Chautauqua-Allegheny,10.9,3.0,4.2,3.7,Swain,Empty,Empty,Empty,Empty,Empty
201,201, Suicide Six ,https://www.skiresort.info/ski-resort/suicide-six/,75.0,Woodstock,Vermont,10.5,3.5,4.0,3.0,Suicide Six,Empty,Empty,Empty,Empty,Empty
202,202, Teton Pass ,https://www.skiresort.info/ski-resort/teton-pass/,50.0,Choteau,Montana,15.0,6.0,5.0,4.0,Teton Pass,Empty,Empty,Empty,Empty,Empty
203,203, Meadowlark Ski Lodge ,https://www.skiresort.info/ski-resort/meadowlark-ski-lodge/,48.0,Ten Sleep,Wyoming,10.0,3.0,4.0,3.0,Meadowlark Ski Lodge,Empty,Empty,Empty,Empty,Empty
204,204, Cooper Spur ,https://www.skiresort.info/ski-resort/cooper-spur/,39.0,Hood River,Oregon,10.0,4.0,4.0,2.0,Cooper Spur,Empty,Empty,Empty,Empty,Empty
205,205, Oak Mountain ,https://www.skiresort.info/ski-resort/oak-mountain/,40.0,Speculator,The Adirondacks,12.0,6.0,4.0,2.0,Oak Mountain,Empty,Empty,Empty,Empty,Empty
206,206, Montage Mountain Resort ,https://www.skiresort.info/ski-resort/montage-mountain-resort/,67.0,Scranton,Pennsylvania,9.5,2.0,4.0,3.5,Montage Mountain Resort,Empty,Empty,Empty,Empty,Empty
207,207, Whaleback ,https://www.skiresort.info/ski-resort/whaleback/,45.0,Enfield,New Hampshire,11.5,5.2,2.8,3.5,Whaleback,Empty,Empty,Empty,Empty,Empty
208,208, Soda Springs ,https://www.skiresort.info/ski-resort/soda-springs/,54.0,Truckee,Lake Tahoe,10.0,3.0,5.0,2.0,Soda Springs,Empty,Empty,Empty,Empty,Empty
209,209, Mt. Waterman ,https://www.skiresort.info/ski-resort/mt-waterman/,60.0,La Cañada Flintridge,California,10.0,2.0,2.0,6.0,Mt. Waterman,Empty,Empty,Empty,Empty,Empty
210,210, West Mountain ,https://www.skiresort.info/ski-resort/west-mountain/,79.0,Glens Falls,The Adirondacks,9.7,5.9,2.1,1.7,West Mountain,Empty,Empty,Empty,Empty,Empty
211,211, Spout Springs  (temporarily closed) ,https://www.skiresort.info/ski-resort/spout-springs/,35.0,Weston,Oregon,9.5,3.0,5.0,1.5,Spout Springs  (temporarily closed),Empty,Empty,Empty,Empty,Empty
212,212, Pine Mountain ,https://www.skiresort.info/ski-resort/pine-mountain/,45.0,Iron Mountain,Michigan,9.5,2.5,5.5,1.5,Pine Mountain,Empty,Empty,Empty,Empty,Empty
213,213, Liberty Mountain ,https://www.skiresort.info/ski-resort/liberty-mountain/,77.0,Fairfield,Pennsylvania,9.0,3.0,4.0,2.0,Liberty Mountain,Empty,Empty,Empty,Empty,Empty
214,214, Marquette Mountain ,https://www.skiresort.info/ski-resort/marquette-mountain/,54.0,Marquette,Michigan,10.0,1.5,5.0,3.5,Marquette Mountain,Empty,Empty,Empty,Empty,Empty
215,215, Anthony Lakes Mountain Resort ,https://www.skiresort.info/ski-resort/anthony-lakes-mountain-resort/,40.0,Baker City,Oregon,10.0,2.0,3.8,4.2,Anthony Lakes Mountain Resort,Empty,Empty,Empty,Empty,Empty
216,216, Otsego – Gaylord ,https://www.skiresort.info/ski-resort/otsego-gaylord/,65.0,Gaylord,Michigan,7.0,3.0,2.0,2.0,Otsego – Gaylord,Empty,Empty,Empty,Empty,Empty
217,217, Big Squaw ,https://www.skiresort.info/ski-resort/big-squaw/,30.0,Bangor,Maine,8.0,3.0,3.0,2.0,Big Squaw,Empty,Empty,Empty,Empty,Empty
218,218, Mohawk Mountain ,https://www.skiresort.info/ski-resort/mohawk-mountain/,67.0,Cornwall,Connecticut,8.0,3.0,2.0,3.0,Mohawk Mountain,Empty,Empty,Empty,Empty,Empty
219,219, Bear Paw Ski Bowl ,https://www.skiresort.info/ski-resort/bear-paw-ski-bowl/,25.0,Havre,Montana,10.0,3.0,6.0,1.0,Bear Paw Ski Bowl,Empty,Empty,Empty,Empty,Empty
220,220, Big Bear at Masthope Mountain ,https://www.skiresort.info/ski-resort/big-bear-at-masthope-mountain/,64.0,Scranton,Pennsylvania,7.0,3.0,2.0,2.0,Big Bear at Masthope Mountain,Empty,Empty,Empty,Empty,Empty
221,221, Bousquet ,https://www.skiresort.info/ski-resort/bousquet/,47.0,Pittsfield,Massachusetts,8.0,3.0,2.0,3.0,Bousquet,Empty,Empty,Empty,Empty,Empty
222,222, Alpine Mountain Ski & Snow Tubing Center  (temporarily closed) ,https://www.skiresort.info/ski-resort/alpine-mountain-ski-snow-tubing-center/,55.0,Henryville,Pennsylvania,8.0,2.0,4.0,2.0,Alpine Mountain Ski & Snow Tubing Center  (temporarily closed),Empty,Empty,Empty,Empty,Empty
223,223, Royal Mountain ,https://www.skiresort.info/ski-resort/royal-mountain/,45.0,Caroga Lake,Capital-Saratoga Region,7.5,2.5,3.0,2.0,Royal Mountain,Empty,Empty,Empty,Empty,Empty
224,224, Badger Pass ,https://www.skiresort.info/ski-resort/badger-pass/,62.0,Mariposa,California,10.0,3.5,5.0,1.5,Badger Pass,Empty,Empty,Empty,Empty,Empty
225,225, Afton Alps ,https://www.skiresort.info/ski-resort/afton-alps/,58.0,Hastings,Minnesota,8.0,3.0,3.0,2.0,Afton Alps,Empty,Empty,Empty,Empty,Empty
226,226, Massanutten ,https://www.skiresort.info/ski-resort/massanutten/,77.0,Massanutten,Virginia,8.0,2.0,3.5,2.5,Massanutten,Empty,Empty,Empty,Empty,Empty
227,227, Hesperus Ski Area ,https://www.skiresort.info/ski-resort/hesperus-ski-area/,39.0,Durango,Colorado,10.0,3.0,5.0,2.0,Hesperus Ski Area,Empty,Empty,Empty,Empty,Empty
228,228, Spring Mountain ,https://www.skiresort.info/ski-resort/spring-mountain/,48.0,Schwenksville,Pennsylvania,8.5,4.0,2.5,2.0,Spring Mountain,Empty,Empty,Empty,Empty,Empty
229,229, Roundtop ,https://www.skiresort.info/ski-resort/roundtop/,73.0,Lewisberry,Pennsylvania,7.5,1.5,3.0,3.0,Roundtop,Empty,Empty,Empty,Empty,Empty
230,230, Mt. La Crosse ,https://www.skiresort.info/ski-resort/mt-la-crosse/,56.0,La Crosse,Wisconsin,7.0,1.5,3.0,2.5,Mt. La Crosse,Empty,Empty,Empty,Empty,Empty
231,231, Sitzmark ,https://www.skiresort.info/ski-resort/sitzmark/,45.0,Oroville,Washington State,7.5,2.0,3.0,2.5,Sitzmark,Empty,Empty,Empty,Empty,Empty
232,232, Mt. Lemmon Ski Valley ,https://www.skiresort.info/ski-resort/mt-lemmon-ski-valley/,47.0,Summerhaven,Arizona,8.5,2.5,4.0,2.0,Mt. Lemmon Ski Valley,Empty,Empty,Empty,Empty,Empty
233,233, Laurel Mountain ,https://www.skiresort.info/ski-resort/laurel-mountain/,64.0,Jennerstown,Pennsylvania,8.0,4.0,3.0,1.0,Laurel Mountain,Empty,Empty,Empty,Empty,Empty
234,234, Norway Mountain ,https://www.skiresort.info/ski-resort/norway-mountain/,Empty,Norway,Michigan,8.0,2.5,3.5,2.0,Norway Mountain,Empty,Empty,Empty,Empty,Empty
235,235, Black Mountain – Rumford ,https://www.skiresort.info/ski-resort/black-mountain-rumford/,45.0,Rumford,Maine,8.0,2.0,3.5,2.5,Black Mountain – Rumford,Empty,Empty,Empty,Empty,Empty
236,236, Alpine Valley Resort – Elkhorn ,https://www.skiresort.info/ski-resort/alpine-valley-resort-elkhorn/,66.0,Elkhorn,Wisconsin,4.0,1.5,1.5,1.0,Alpine Valley Resort – Elkhorn,Empty,Empty,Empty,Empty,Empty
237,237, Ski Brule ,https://www.skiresort.info/ski-resort/ski-brule/,55.0,Iron River,Michigan,7.5,2.0,4.0,1.5,Ski Brule,Empty,Empty,Empty,Empty,Empty
238,238, Cataloochee ,https://www.skiresort.info/ski-resort/cataloochee/,70.0,Waynesville,North Carolina,6.0,1.5,3.0,1.5,Cataloochee,Empty,Empty,Empty,Empty,Empty
239,239, Las Vegas Ski and Snowboard Resort – Lee Canyon ,https://www.skiresort.info/ski-resort/las-vegas-ski-and-snowboard-resort-lee-canyon/,72.0,Las Vegas,Nevada,7.3,0.3,5.0,2.0,Las Vegas Ski and Snowboard Resort – Lee Canyon,Empty,Empty,Empty,Empty,Empty
240,240, Hogadon Ski Area ,https://www.skiresort.info/ski-resort/hogadon-ski-area/,Empty,Casper,Wyoming,5.0,1.9,1.6,1.5,Hogadon Ski Area,Empty,Empty,Empty,Empty,Empty
241,241, McCauly Mountain ,https://www.skiresort.info/ski-resort/mccauly-mountain/,30.0,Old Forge,Central New York,9.0,3.0,4.0,2.0,McCauly Mountain,Empty,Empty,Empty,Empty,Empty
242,242, Powder Ridge Mountain Park & Resort ,https://www.skiresort.info/ski-resort/powder-ridge-mountain-park-resort/,49.0,Middlefield,Connecticut,5.5,2.5,2.0,1.0,Powder Ridge Mountain Park & Resort,Empty,Empty,Empty,Empty,Empty
243,243, Camden Snow Bowl ,https://www.skiresort.info/ski-resort/camden-snow-bowl/,43.0,Camden,Maine,6.0,1.2,3.6,1.2,Camden Snow Bowl,Empty,Empty,Empty,Empty,Empty
244,244, Mt. Southington ,https://www.skiresort.info/ski-resort/mt-southington/,60.0,Southington,Connecticut,5.8,2.0,3.0,0.8,Mt. Southington,Empty,Empty,Empty,Empty,Empty
245,245, Snow Trails ,https://www.skiresort.info/ski-resort/snow-trails/,52.0,Mansfield,Ohio,5.3,1.5,2.8,1.0,Snow Trails,Empty,Empty,Empty,Empty,Empty
246,246, Mt. Eyak ,https://www.skiresort.info/ski-resort/mt-eyak/,30.0,Cordova,Alaska,5.0,1.0,2.0,2.0,Mt. Eyak,Empty,Empty,Empty,Empty,Empty
247,247, Wolf Ridge ,https://www.skiresort.info/ski-resort/wolf-ridge/,65.0,Mars Hill,North Carolina,6.0,3.0,2.0,1.0,Wolf Ridge,Empty,Empty,Empty,Empty,Empty
248,248, Alpine Valley – White Lake ,https://www.skiresort.info/ski-resort/alpine-valley-white-lake/,58.0,White Lake,Michigan,5.8,2.4,1.6,1.8,Alpine Valley – White Lake,Empty,Empty,Empty,Empty,Empty
249,249, Hunt Hollow Ski Club ,https://www.skiresort.info/ski-resort/hunt-hollow-ski-club/,58.0,Naples,Finger Lakes,5.0,2.0,2.0,1.0,Hunt Hollow Ski Club,Empty,Empty,Empty,Empty,Empty
250,250, Paoli Peaks ,https://www.skiresort.info/ski-resort/paoli-peaks/,45.0,Paoli,Indiana,6.6,2.6,3.0,1.0,Paoli Peaks,Empty,Empty,Empty,Empty,Empty
251,251, Mad River Mountain ,https://www.skiresort.info/ski-resort/mad-river-mountain/,49.0,Zanesfield,Ohio,6.3,3.0,2.0,1.3,Mad River Mountain,Empty,Empty,Empty,Empty,Empty
252,252, Crystal Mountain (MI) ,https://www.skiresort.info/ski-resort/crystal-mountain-mi/,79.0,Thompsonville,Michigan,4.9,1.2,2.3,1.4,Crystal Mountain (MI),Empty,Empty,Empty,Empty,Empty
253,253, Nashoba Valley ,https://www.skiresort.info/ski-resort/nashoba-valley/,58.0,Westford,Massachusetts,5.8,1.0,3.0,1.8,Nashoba Valley,Empty,Empty,Empty,Empty,Empty
254,254, Granite Gorge ,https://www.skiresort.info/ski-resort/granite-gorge/,30.0,Keene,New Hampshire,6.0,3.0,2.0,1.0,Granite Gorge,Empty,Empty,Empty,Empty,Empty
255,255, Bryce Resort ,https://www.skiresort.info/ski-resort/bryce-resort/,Empty,Harrisonburg,Virginia,5.0,2.0,2.8,0.2,Bryce Resort,Empty,Empty,Empty,Empty,Empty
256,256, King Pine – Purity Spring Resort ,https://www.skiresort.info/ski-resort/king-pine-purity-spring-resort/,58.0,East Madison,New Hampshire,5.3,2.8,1.5,1.0,King Pine – Purity Spring Resort,Empty,Empty,Empty,Empty,Empty
257,257, Pine Knob ,https://www.skiresort.info/ski-resort/pine-knob/,57.0,Clarkston,Michigan,5.0,1.0,2.5,1.5,Pine Knob,Empty,Empty,Empty,Empty,Empty
258,258, Pajarito Mountain ,https://www.skiresort.info/ski-resort/pajarito-mountain/,49.0,Los Alamos,New Mexico,26.0,8.0,12.0,6.0,Pajarito Mountain,Empty,Empty,Empty,Empty,Empty
259,259, Mont Ripley ,https://www.skiresort.info/ski-resort/mont-ripley/,52.0,Hancock,Michigan,6.9,2.0,2.2,2.7,Mont Ripley,Empty,Empty,Empty,Empty,Empty
260,260, Mount Pleasant ,https://www.skiresort.info/ski-resort/mount-pleasant/,38.0,Cambridge Springs,Pennsylvania,5.0,2.0,2.0,1.0,Mount Pleasant,Empty,Empty,Empty,Empty,Empty
261,261, Quechee Lakes Ski Area ,https://www.skiresort.info/ski-resort/quechee-lakes-ski-area/,49.0,White River Junction,Vermont,5.0,2.0,2.5,0.5,Quechee Lakes Ski Area,Empty,Empty,Empty,Empty,Empty
262,262, Mountain High North ,https://www.skiresort.info/ski-resort/mountain-high-north/,84.0,Wrightwood,California,5.0,2.0,3.0,0.0,Mountain High North,Empty,Empty,Empty,Empty,Empty
263,263, Hidden Valley (MO) ,https://www.skiresort.info/ski-resort/hidden-valley-mo/,49.0,Eureka,Missouri,4.0,1.0,2.0,1.0,Hidden Valley (MO),Empty,Empty,Empty,Empty,Empty
264,264, Mt. Brighton ,https://www.skiresort.info/ski-resort/mt-brighton/,59.0,Brighton,Michigan,6.2,1.0,3.5,1.7,Mt. Brighton,Empty,Empty,Empty,Empty,Empty
265,265, Mount Peter ,https://www.skiresort.info/ski-resort/mount-peter/,62.0,Warwick,Hudson Valley,3.8,1.0,2.0,0.8,Mount Peter,Empty,Empty,Empty,Empty,Empty
266,266, Nordic Mountain ,https://www.skiresort.info/ski-resort/nordic-mountain/,47.0,Wild Rose,Wisconsin,6.5,2.0,3.0,1.5,Nordic Mountain,Empty,Empty,Empty,Empty,Empty
267,267, Seven Oaks ,https://www.skiresort.info/ski-resort/seven-oaks/,40.0,Boone,Iowa,4.0,1.5,2.0,0.5,Seven Oaks,Empty,Empty,Empty,Empty,Empty
268,268, Ober Gatlinburg ,https://www.skiresort.info/ski-resort/ober-gatlinburg/,65.0,Gatlinburg,Tennessee,6.2,0.7,4.2,1.3,Ober Gatlinburg,Empty,Empty,Empty,Empty,Empty
269,269, Wilmot Mountain ,https://www.skiresort.info/ski-resort/wilmot-mountain/,68.0,Wilmot,Wisconsin,4.0,1.4,1.6,1.0,Wilmot Mountain,Empty,Empty,Empty,Empty,Empty
270,270, Moose Mountain ,https://www.skiresort.info/ski-resort/moose-mountain/,40.0,Fairbanks,Alaska,25.0,3.0,12.0,10.0,Moose Mountain,Empty,Empty,Empty,Empty,Empty
271,271, Shanty Creek Resorts – Summit Mountain ,https://www.skiresort.info/ski-resort/shanty-creek-resorts-summit-mountain/,73.0,Bellaire,Michigan,4.0,0.8,2.5,0.7,Shanty Creek Resorts – Summit Mountain,Empty,Empty,Empty,Empty,Empty
272,272, Hilltop – Anchorage ,https://www.skiresort.info/ski-resort/hilltop-anchorage/,34.0,Anchorage,Alaska,5.0,4.0,1.0,0.0,Hilltop – Anchorage,Empty,Empty,Empty,Empty,Empty
273,273, Snowstar ,https://www.skiresort.info/ski-resort/snowstar/,35.0,Andalusia,Illinois,4.0,0.5,1.5,2.0,Snowstar,Empty,Empty,Empty,Empty,Empty
274,274, Mystic Mountain – Farmington ,https://www.skiresort.info/ski-resort/mystic-mountain-farmington/,43.0,Farmington,Pennsylvania,3.9,2.3,1.0,0.6,Mystic Mountain – Farmington,Empty,Empty,Empty,Empty,Empty
275,275, Mt. Ashwabay – Salmo ,https://www.skiresort.info/ski-resort/mt-ashwabay-salmo/,24.0,Salmo,Wisconsin,4.0,1.5,1.2,1.3,Mt. Ashwabay – Salmo,Empty,Empty,Empty,Empty,Empty
276,276, Snow Creek ,https://www.skiresort.info/ski-resort/snow-creek/,47.0,Weston,Missouri,3.2,1.3,1.8,0.1,Snow Creek,Empty,Empty,Empty,Empty,Empty
277,277, Antelope Butte ,https://www.skiresort.info/ski-resort/antelope-butte/,20.0,Sheridan,Wyoming,20.0,4.0,10.0,6.0,Antelope Butte,Empty,Empty,Empty,Empty,Empty
278,278, Wild Mountain ,https://www.skiresort.info/ski-resort/wild-mountain/,56.0,Taylors Falls,Minnesota,4.8,1.1,1.6,2.1,Wild Mountain,Empty,Empty,Empty,Empty,Empty
279,279, Powder Ridge ,https://www.skiresort.info/ski-resort/powder-ridge/,48.0,Kimball,Minnesota,4.0,2.0,1.5,0.5,Powder Ridge,Empty,Empty,Empty,Empty,Empty
280,280, Treetops ,https://www.skiresort.info/ski-resort/treetops/,Empty,Gaylord,Michigan,4.4,0.3,1.9,2.2,Treetops,Empty,Empty,Empty,Empty,Empty
281,281, Lost Valley ,https://www.skiresort.info/ski-resort/lost-valley/,55.0,Auburn,Maine,2.0,1.0,0.5,0.5,Lost Valley,Empty,Empty,Empty,Empty,Empty
282,282, Summit Ski Area at Mt. Hood ,https://www.skiresort.info/ski-resort/summit-ski-area-at-mt-hood/,36.0,Governemt Camp,Oregon,4.0,2.0,2.0,0.0,Summit Ski Area at Mt. Hood,Empty,Empty,Empty,Empty,Empty
283,283, Skeetawk – Hatcher Pass ,https://www.skiresort.info/ski-resort/skeetawk-hatcher-pass/,39.0,Empty,Alaska,2.5,1.0,0.8,0.7,Skeetawk – Hatcher Pass,Empty,Empty,Empty,Empty,Empty
284,284, Great Bear Ski Valley ,https://www.skiresort.info/ski-resort/great-bear-ski-valley/,29.0,Sioux Falls,South Dakota,3.8,2.6,1.2,0.0,Great Bear Ski Valley,Empty,Empty,Empty,Empty,Empty
285,285, Dartmouth Skiway ,https://www.skiresort.info/ski-resort/dartmouth-skiway/,50.0,Hanover,New Hampshire,16.0,4.0,8.0,4.0,Dartmouth Skiway,Empty,Empty,Empty,Empty,Empty
286,286, McIntyre ,https://www.skiresort.info/ski-resort/mcintyre/,38.0,Manchester,New Hampshire,3.0,2.5,0.5,0.0,McIntyre,Empty,Empty,Empty,Empty,Empty
287,287, Stagecoach Mountain  (temporarily closed) ,https://www.skiresort.info/ski-resort/stagecoach-mountain/,Empty,Empty,Colorado,Empty,Empty,Empty,Empty,Stagecoach Mountain  (temporarily closed),Empty,Empty,Empty,Empty,Empty
288,288, Elko Snobowl ,https://www.skiresort.info/ski-resort/elko-snobowl/,20.0,Elko,Nevada,3.0,1.5,1.5,0.0,Elko Snobowl,Empty,Empty,Empty,Empty,Empty
289,289, Little Switzerland ,https://www.skiresort.info/ski-resort/little-switzerland/,46.0,Slinger,Wisconsin,3.0,1.1,1.3,0.6,Little Switzerland,Empty,Empty,Empty,Empty,Empty
290,290, Chester Bowl ,https://www.skiresort.info/ski-resort/chester-bowl/,15.0,Duluth,Minnesota,1.3,0.3,0.5,0.5,Chester Bowl,Empty,Empty,Empty,Empty,Empty
291,291, Blacktail Mountain ,https://www.skiresort.info/ski-resort/blacktail-mountain/,42.0,Kalispell,Montana,17.0,3.0,11.0,3.0,Blacktail Mountain,Empty,Empty,Empty,Empty,Empty
292,292, Otis Ridge ,https://www.skiresort.info/ski-resort/otis-ridge/,40.0,Otis,Massachusetts,3.7,1.2,1.5,1.0,Otis Ridge,Empty,Empty,Empty,Empty,Empty
293,293, Turner Mountain ,https://www.skiresort.info/ski-resort/turner-mountain/,38.0,Libby,Montana,13.8,2.1,5.5,6.2,Turner Mountain,Empty,Empty,Empty,Empty,Empty
294,294, Frost Fire Mountain ,https://www.skiresort.info/ski-resort/frost-fire-mountain/,37.0,Walhalla,North Dakota,1.5,0.7,0.6,0.2,Frost Fire Mountain,Empty,Empty,Empty,Empty,Empty
295,295, Sawmill Mountain Resort ,https://www.skiresort.info/ski-resort/sawmill-mountain-resort/,44.0,Morris,Pennsylvania,4.4,0.9,2.5,1.0,Sawmill Mountain Resort,Empty,Empty,Empty,Empty,Empty
296,296, Kendall Mountain – Silverton ,https://www.skiresort.info/ski-resort/kendall-mountain-silverton/,25.0,Silverton,Colorado,1.7,1.0,0.5,0.2,Kendall Mountain – Silverton,Empty,Empty,Empty,Empty,Empty
297,297, Blue Mountain ,https://www.skiresort.info/ski-resort/blue-mountain/,65.0,Allentown,Pennsylvania,18.0,10.0,6.0,2.0,Blue Mountain,Empty,Empty,Empty,Empty,Empty
298,298, Mt. Holiday ,https://www.skiresort.info/ski-resort/mt-holiday/,34.0,Traverse City,Michigan,4.5,1.0,2.0,1.5,Mt. Holiday,Empty,Empty,Empty,Empty,Empty
299,299, Howelsen Hill – Steamboat Springs ,https://www.skiresort.info/ski-resort/howelsen-hill-steamboat-springs/,25.0,Steamboat Springs,Colorado,4.0,1.7,1.5,0.8,Howelsen Hill – Steamboat Springs,Empty,Empty,Empty,Empty,Empty
300,300, Sunburst ,https://www.skiresort.info/ski-resort/sunburst/,44.0,Kewaskum,Wisconsin,3.0,0.5,1.5,1.0,Sunburst,Empty,Empty,Empty,Empty,Empty
301,301, Mt. Jefferson ,https://www.skiresort.info/ski-resort/mt-jefferson/,25.0,Lee,Maine,9.5,3.0,4.0,2.5,Mt. Jefferson,Empty,Empty,Empty,Empty,Empty
302,302, Trollhaugen ,https://www.skiresort.info/ski-resort/trollhaugen/,54.0,Dresser,Wisconsin,4.9,2.5,1.5,0.9,Trollhaugen,Empty,Empty,Empty,Empty,Empty
303,303, Alpine Valley Ohio ,https://www.skiresort.info/ski-resort/alpine-valley-ohio/,45.0,Chesterland,Ohio,2.6,1.2,1.2,0.2,Alpine Valley Ohio,Empty,Empty,Empty,Empty,Empty
304,304, Echo Mountain Park – Idaho Springs ,https://www.skiresort.info/ski-resort/echo-mountain-park-idaho-springs/,65.0,Idaho Springs,Colorado,3.0,2.0,1.0,0.0,Echo Mountain Park – Idaho Springs,Empty,Empty,Empty,Empty,Empty
305,305, Hyland Hills ,https://www.skiresort.info/ski-resort/hyland-hills/,35.34,Bloomington,Minnesota,1.2,0.6,0.4,0.2,Hyland Hills,Empty,Empty,Empty,Empty,Empty
306,306, Elk Mountain ,https://www.skiresort.info/ski-resort/elk-mountain/,69.0,Scranton,Pennsylvania,15.0,3.0,8.0,4.0,Elk Mountain,Empty,Empty,Empty,Empty,Empty
307,307, Willard Mountain – Greenwich ,https://www.skiresort.info/ski-resort/willard-mountain-greenwich/,47.0,Greenwich,Capital-Saratoga Region,2.8,0.6,1.4,0.8,Willard Mountain – Greenwich,Empty,Empty,Empty,Empty,Empty
308,308, Christmas Mountain ,https://www.skiresort.info/ski-resort/christmas-mountain/,45.0,Wisconsin Dells,Wisconsin,2.0,1.3,0.5,0.2,Christmas Mountain,Empty,Empty,Empty,Empty,Empty
309,309, Campton Mountain ,https://www.skiresort.info/ski-resort/campton-mountain/,22.0,Campton,New Hampshire,1.3,0.6,0.5,0.2,Campton Mountain,Empty,Empty,Empty,Empty,Empty
310,310, Mt. Abram ,https://www.skiresort.info/ski-resort/mt-abram/,49.0,Empty,Maine,14.5,3.5,7.0,4.0,Mt. Abram,Empty,Empty,Empty,Empty,Empty
311,311, Bald Mountain ,https://www.skiresort.info/ski-resort/bald-mountain/,20.0,Lewiston,Idaho,9.0,3.0,4.0,2.0,Bald Mountain,Empty,Empty,Empty,Empty,Empty
312,312, Snow Snake ,https://www.skiresort.info/ski-resort/snow-snake/,35.0,Harrison,Michigan,3.0,1.0,1.5,0.5,Snow Snake,Empty,Empty,Empty,Empty,Empty
313,313, Tenney Mountain ,https://www.skiresort.info/ski-resort/tenney-mountain/,59.0,Plymouth,New Hampshire,15.0,3.0,8.0,4.0,Tenney Mountain,Empty,Empty,Empty,Empty,Empty
314,314, Berkshire East ,https://www.skiresort.info/ski-resort/berkshire-east/,72.0,Greenfield,Massachusetts,13.0,6.0,4.0,3.0,Berkshire East,Empty,Empty,Empty,Empty,Empty
315,315, Peek'n Peak ,https://www.skiresort.info/ski-resort/peekn-peak/,63.0,Clymer,Chautauqua-Allegheny,15.0,4.0,8.0,3.0,Peek'n Peak,Empty,Empty,Empty,Empty,Empty
316,316, Heiliger Huegel – Hubertus ,https://www.skiresort.info/ski-resort/heiliger-huegel-hubertus/,Empty,Hubertus,Wisconsin,1.2,0.6,0.4,0.2,Heiliger Huegel – Hubertus,Empty,Empty,Empty,Empty,Empty
317,317, Detroit Mountain ,https://www.skiresort.info/ski-resort/detroit-mountain/,42.0,Detroit Lakes,Minnesota,2.0,1.0,1.0,0.0,Detroit Mountain,Empty,Empty,Empty,Empty,Empty
318,318, Campgaw Mountain ,https://www.skiresort.info/ski-resort/campgaw-mountain/,45.0,Mahwah,New Jersey,1.3,1.0,0.3,0.0,Campgaw Mountain,Empty,Empty,Empty,Empty,Empty
319,319, Bluewood ,https://www.skiresort.info/ski-resort/bluewood/,47.0,Lewiston,Washington State,11.0,3.0,5.0,3.0,Bluewood,Empty,Empty,Empty,Empty,Empty
320,320, Hermon Mountain ,https://www.skiresort.info/ski-resort/hermon-mountain/,Empty,Bangor,Maine,3.0,2.0,0.5,0.5,Hermon Mountain,Empty,Empty,Empty,Empty,Empty
321,321, The Balsams ,https://www.skiresort.info/ski-resort/the-balsams/,Empty,Colebrook,New Hampshire,12.6,3.4,4.0,5.2,The Balsams,Empty,Empty,Empty,Empty,Empty
322,322, Val Bialas Ski Center – Utica ,https://www.skiresort.info/ski-resort/val-bialas-ski-center-utica/,Empty,Utica,Central New York,1.8,0.8,0.4,0.6,Val Bialas Ski Center – Utica,Empty,Empty,Empty,Empty,Empty
323,323, Yawgoo Valley ,https://www.skiresort.info/ski-resort/yawgoo-valley/,50.0,Kingston,Rhode Island,2.5,1.5,1.0,0.0,Yawgoo Valley,Empty,Empty,Empty,Empty,Empty
324,324, Buffalo Ski Club ,https://www.skiresort.info/ski-resort/buffalo-ski-club/,50.0,Buffalo,Greater Niagara,11.0,5.0,4.0,2.0,Buffalo Ski Club,Empty,Empty,Empty,Empty,Empty
325,325, Mount Ski Gull ,https://www.skiresort.info/ski-resort/mount-ski-gull/,39.99,Nisswa,Minnesota,2.1,0.7,0.7,0.7,Mount Ski Gull,Empty,Empty,Empty,Empty,Empty
326,326, Black Mountain – Jackson ,https://www.skiresort.info/ski-resort/black-mountain-jackson/,59.0,Jackson,New Hampshire,12.0,6.0,4.0,2.0,Black Mountain – Jackson,Empty,Empty,Empty,Empty,Empty
327,327, Big Tupper – Tupper Lake ,https://www.skiresort.info/ski-resort/big-tupper-tupper-lake/,Empty,Tupper Lake,The Adirondacks,12.0,5.0,5.0,2.0,Big Tupper – Tupper Lake,Empty,Empty,Empty,Empty,Empty
328,328, Buck Hill Ski Area ,https://www.skiresort.info/ski-resort/buck-hill-ski-area/,47.0,Minneapolis,Minnesota,2.2,1.2,0.8,0.2,Buck Hill Ski Area,Empty,Empty,Empty,Empty,Empty
329,329, Ward Hill – Shrewsbury ,https://www.skiresort.info/ski-resort/ward-hill-shrewsbury/,55.0,Shrewsbury,Massachusetts,2.1,0.6,1.0,0.5,Ward Hill – Shrewsbury,Empty,Empty,Empty,Empty,Empty
330,330, Devil's Head ,https://www.skiresort.info/ski-resort/devils-head/,65.0,Baraboo,Wisconsin,10.0,3.0,3.5,3.5,Devil's Head,Empty,Empty,Empty,Empty,Empty
331,331, Jack Frost Mountain ,https://www.skiresort.info/ski-resort/jack-frost-mountain/,65.0,Blakeslee,Pennsylvania,12.0,6.0,5.5,0.5,Jack Frost Mountain,Empty,Empty,Empty,Empty,Empty
332,332, Canaan Valley ,https://www.skiresort.info/ski-resort/canaan-valley/,78.0,Davis,West Virginia,10.0,3.0,4.0,3.0,Canaan Valley,Empty,Empty,Empty,Empty,Empty
333,333, Magic Mountain Resort ,https://www.skiresort.info/ski-resort/magic-mountain-resort/,33.0,Kimberly,Idaho,10.5,3.5,3.0,4.0,Magic Mountain Resort,Empty,Empty,Empty,Empty,Empty
334,334, Porcupine Mountain ,https://www.skiresort.info/ski-resort/porcupine-mountain/,43.0,Ontonagon,Michigan,9.7,3.2,3.5,3.0,Porcupine Mountain,Empty,Empty,Empty,Empty,Empty
335,335, Woodbury  (temporarily closed) ,https://www.skiresort.info/ski-resort/woodbury/,Empty,Woodbury,Connecticut,9.6,3.5,3.5,2.6,Woodbury  (temporarily closed),Empty,Empty,Empty,Empty,Empty
336,336, Warner Canyon – Lakeview ,https://www.skiresort.info/ski-resort/warner-canyon-lakeview/,35.0,Lakeview,Oregon,9.9,2.4,1.6,5.9,Warner Canyon – Lakeview,Empty,Empty,Empty,Empty,Empty
337,337, The Whitecap Mountains ,https://www.skiresort.info/ski-resort/the-whitecap-mountains/,60.0,Upson,Wisconsin,9.0,4.0,2.0,3.0,The Whitecap Mountains,Empty,Empty,Empty,Empty,Empty
338,338, Blackjack ,https://www.skiresort.info/ski-resort/blackjack/,65.0,Ironwood,Michigan,10.0,2.0,4.0,4.0,Blackjack,Empty,Empty,Empty,Empty,Empty
339,339, Snow Ridge ,https://www.skiresort.info/ski-resort/snow-ridge/,48.0,Turin,The Adirondacks,10.0,2.0,3.0,5.0,Snow Ridge,Empty,Empty,Empty,Empty,Empty
340,340, Indianhead Mountain ,https://www.skiresort.info/ski-resort/indianhead-mountain/,65.0,Wakefield,Michigan,10.0,2.0,3.0,5.0,Indianhead Mountain,Empty,Empty,Empty,Empty,Empty
341,341, Hidden Valley (PA) ,https://www.skiresort.info/ski-resort/hidden-valley-pa/,69.0,Somerset,Pennsylvania,9.0,4.0,3.0,2.0,Hidden Valley (PA),Empty,Empty,Empty,Empty,Empty
342,342, Cloudcroft ,https://www.skiresort.info/ski-resort/cloudcroft/,45.0,Cloudcroft,New Mexico,10.0,4.0,2.0,4.0,Cloudcroft,Empty,Empty,Empty,Empty,Empty
343,343, Sunrise Park ,https://www.skiresort.info/ski-resort/sunrise-park/,74.0,Greer,Arizona,Empty,Empty,Empty,Empty,Sunrise Park,Empty,Empty,Empty,Empty,Empty
344,344, Oglebay Resort ,https://www.skiresort.info/ski-resort/oglebay-resort/,28.0,Empty,West Virginia,1.0,1.0,0.0,0.0,Oglebay Resort,Empty,Empty,Empty,Empty,Empty
345,345, Bottineau Winter Park ,https://www.skiresort.info/ski-resort/bottineau-winter-park/,38.0,Bottineau,North Dakota,1.2,0.5,0.5,0.2,Bottineau Winter Park,Empty,Empty,Empty,Empty,Empty
346,346, Denton Hill State Park  (temporarily closed) ,https://www.skiresort.info/ski-resort/denton-hill-state-park/,Empty,Coudersport,Pennsylvania,8.0,4.0,2.0,2.0,Denton Hill State Park  (temporarily closed),Empty,Empty,Empty,Empty,Empty
347,347, Woodward Park City ,https://www.skiresort.info/ski-resort/woodward-park-city/,Empty,Summit Park,Salt Lake City,0.5,0.3,0.2,0.0,Woodward Park City,Empty,Empty,Empty,Empty,Empty
348,348, Hickory Ski Center  (temporarily closed) ,https://www.skiresort.info/ski-resort/hickory-ski-center/,Empty,Warrensburg,The Adirondacks,8.0,3.0,3.0,2.0,Hickory Ski Center  (temporarily closed),Empty,Empty,Empty,Empty,Empty
349,349, Toggenburg Ski Center ,https://www.skiresort.info/ski-resort/toggenburg-ski-center/,55.0,Fabius,Finger Lakes,8.3,3.2,2.0,3.1,Toggenburg Ski Center,Empty,Empty,Empty,Empty,Empty
350,350, Mt. Holly ,https://www.skiresort.info/ski-resort/mt-holly/,45.0,Holly,Michigan,7.0,1.0,2.5,3.5,Mt. Holly,Empty,Empty,Empty,Empty,Empty
351,351, Ausblick – Sussex ,https://www.skiresort.info/ski-resort/ausblick-sussex/,30.0,Sussex,Wisconsin,1.4,0.8,0.6,0.0,Ausblick – Sussex,Empty,Empty,Empty,Empty,Empty
352,352, Sapphire Valley ,https://www.skiresort.info/ski-resort/sapphire-valley/,40.0,Cashiers,North Carolina,0.5,0.5,0.0,0.0,Sapphire Valley,Empty,Empty,Empty,Empty,Empty
353,353, Villa Olivia – Bartlett ,https://www.skiresort.info/ski-resort/villa-olivia-bartlett/,40.0,Bartlett,Illinois,1.4,0.2,0.6,0.6,Villa Olivia – Bartlett,Empty,Empty,Empty,Empty,Empty
354,354, Silverton Mountain ,https://www.skiresort.info/ski-resort/silverton-mountain/,79.0,Silverton,Colorado,Empty,Empty,Empty,Empty,Silverton Mountain,Empty,Empty,Empty,Empty,Empty
355,355, Utah Olympic Park ,https://www.skiresort.info/ski-resort/utah-olympic-park/,Empty,Park City,Salt Lake City,0.2,0.0,0.2,0.0,Utah Olympic Park,Empty,Empty,Empty,Empty,Empty
356,356, Beartooth Basin ,https://www.skiresort.info/ski-resort/beartooth-basin/,45.0,Red Lodge,Wyoming,5.0,0.0,2.0,3.0,Beartooth Basin,Empty,Empty,Empty,Empty,Empty
357,357, Big Snow American Dream (indoor ski area) ,https://www.skiresort.info/ski-resort/big-snow-american-dream/,Empty,East Rutherford,New Jersey,0.5,0.3,0.2,0.0,Big Snow American Dream (indoor ski area),Empty,Empty,Empty,Empty,Empty
358,358, Welch Village ,https://www.skiresort.info/ski-resort/welch-village/,60.0,Red Wing,Minnesota,6.0,2.0,2.0,2.0,Welch Village,Empty,Empty,Empty,Empty,Empty
359,359, Titcomb Mountain ,https://www.skiresort.info/ski-resort/titcomb-mountain/,24.0,Farmington,Maine,4.4,1.0,1.1,2.3,Titcomb Mountain,Empty,Empty,Empty,Empty,Empty
360,360, Navarino Hills ,https://www.skiresort.info/ski-resort/navarino-hills/,27.0,Navarino,Wisconsin,0.8,0.5,0.3,0.0,Navarino Hills,Empty,Empty,Empty,Empty,Empty
361,361, Lonesome Pine Trails – Fort Kent ,https://www.skiresort.info/ski-resort/lonesome-pine-trails-fort-kent/,25.0,Fort Kent,Maine,4.6,1.0,1.6,2.0,Lonesome Pine Trails – Fort Kent,Empty,Empty,Empty,Empty,Empty
362,362, Sundown ,https://www.skiresort.info/ski-resort/sundown/,62.0,New Hartford,Connecticut,5.8,2.7,1.4,1.7,Sundown,Empty,Empty,Empty,Empty,Empty
363,363, Chestnut Mountain ,https://www.skiresort.info/ski-resort/chestnut-mountain/,60.0,Dubuque,Illinois,6.0,2.0,3.0,1.0,Chestnut Mountain,Empty,Empty,Empty,Empty,Empty
364,364, Appalachian Ski Mountain ,https://www.skiresort.info/ski-resort/appalachian-ski-mountain/,64.0,Boone,North Carolina,5.0,2.0,2.5,0.5,Appalachian Ski Mountain,Empty,Empty,Empty,Empty,Empty
365,365, Blandford ,https://www.skiresort.info/ski-resort/blandford/,45.0,Springfield,Massachusetts,5.0,2.0,2.0,1.0,Blandford,Empty,Empty,Empty,Empty,Empty
366,366, Christie Mountain ,https://www.skiresort.info/ski-resort/christie-mountain/,38.0,Rice Lake,Wisconsin,5.6,2.8,1.5,1.3,Christie Mountain,Empty,Empty,Empty,Empty,Empty
367,367, Ferguson Ridge ,https://www.skiresort.info/ski-resort/ferguson-ridge/,20.0,Enterprise,Oregon,5.0,2.0,2.0,1.0,Ferguson Ridge,Empty,Empty,Empty,Empty,Empty
368,368, Hurricane Ridge ,https://www.skiresort.info/ski-resort/hurricane-ridge/,40.0,Port Angeles,Washington State,5.0,2.0,2.0,1.0,Hurricane Ridge,Empty,Empty,Empty,Empty,Empty
369,369, Cuchara Mountain Park ,https://www.skiresort.info/ski-resort/cuchara-mountain-park/,Empty,Empty,Colorado,6.0,2.0,3.0,1.0,Cuchara Mountain Park,Empty,Empty,Empty,Empty,Empty
370,370, Perfect North Slopes ,https://www.skiresort.info/ski-resort/perfect-north-slopes/,Empty,Empty,Indiana,5.0,3.0,1.0,1.0,Perfect North Slopes,Empty,Empty,Empty,Empty,Empty
371,371, Rotarun ,https://www.skiresort.info/ski-resort/rotarun/,Empty,Hailey,Idaho,4.6,1.1,2.0,1.5,Rotarun,Empty,Empty,Empty,Empty,Empty
372,372, Coppervale ,https://www.skiresort.info/ski-resort/coppervale/,Empty,Susanville,California,3.0,1.0,2.0,0.0,Coppervale,Empty,Empty,Empty,Empty,Empty
373,373, Snowhaven ,https://www.skiresort.info/ski-resort/snowhaven/,20.0,Grangeville,Idaho,3.0,1.5,1.5,0.0,Snowhaven,Empty,Empty,Empty,Empty,Empty
374,374, Bradford ,https://www.skiresort.info/ski-resort/bradford/,55.0,Boston,Massachusetts,4.0,1.5,1.5,1.0,Bradford,Empty,Empty,Empty,Empty,Empty
375,375, Tyrol Basin – Mt Horeb ,https://www.skiresort.info/ski-resort/tyrol-basin-mt-horeb/,48.0,Mount Horeb,Wisconsin,4.2,1.2,1.5,1.5,Tyrol Basin – Mt Horeb,Empty,Empty,Empty,Empty,Empty
376,376, Mulligan's Hollow Ski Bowl ,https://www.skiresort.info/ski-resort/mulligans-hollow-ski-bowl/,20.0,Grand Haven,Michigan,3.0,1.0,1.0,1.0,Mulligan's Hollow Ski Bowl,Empty,Empty,Empty,Empty,Empty
377,377, The Omni Homestead ,https://www.skiresort.info/ski-resort/the-omni-homestead/,57.0,Hot Springs,Virginia,3.0,1.0,1.0,1.0,The Omni Homestead,Empty,Empty,Empty,Empty,Empty
378,378, Holiday Mountain (NY) ,https://www.skiresort.info/ski-resort/holiday-mountain-ny/,42.0,Rock Hill,The Catskills,4.0,1.0,2.0,1.0,Holiday Mountain (NY),Empty,Empty,Empty,Empty,Empty
379,379, The Homestead Resort ,https://www.skiresort.info/ski-resort/the-homestead-resort/,45.0,Glen Arbor,Michigan,4.0,1.0,2.0,1.0,The Homestead Resort,Empty,Empty,Empty,Empty,Empty
380,380, Cazenovia ,https://www.skiresort.info/ski-resort/cazenovia/,Empty,Cazenovia,Central New York,2.3,0.6,0.7,1.0,Cazenovia,Empty,Empty,Empty,Empty,Empty
381,381, Elk Ridge – Williams ,https://www.skiresort.info/ski-resort/elk-ridge-williams/,40.0,Williams,Arizona,3.0,0.6,1.5,0.9,Elk Ridge – Williams,Empty,Empty,Empty,Empty,Empty
382,382, Tussey Mountain ,https://www.skiresort.info/ski-resort/tussey-mountain/,52.0,Boalsburg,Pennsylvania,3.0,1.5,1.2,0.3,Tussey Mountain,Empty,Empty,Empty,Empty,Empty
383,383, Blue Hills ,https://www.skiresort.info/ski-resort/blue-hills/,45.0,Boston,Massachusetts,3.0,1.5,1.0,0.5,Blue Hills,Empty,Empty,Empty,Empty,Empty
384,384, Winter Park – Kewaunee County ,https://www.skiresort.info/ski-resort/winter-park-kewaunee-county/,15.0,Birchwood,Wisconsin,1.1,0.5,0.5,0.1,Winter Park – Kewaunee County,Empty,Empty,Empty,Empty,Empty
385,385, Thunder Ridge ,https://www.skiresort.info/ski-resort/thunder-ridge/,57.0,Patterson,Hudson Valley,4.2,1.8,1.0,1.4,Thunder Ridge,Empty,Empty,Empty,Empty,Empty
386,386, Timber Ridge ,https://www.skiresort.info/ski-resort/timber-ridge/,45.0,Gobles,Michigan,3.2,1.2,1.6,0.4,Timber Ridge,Empty,Empty,Empty,Empty,Empty
387,387, Mont du Lac ,https://www.skiresort.info/ski-resort/mont-du-lac/,39.99,Superior,Wisconsin,3.9,0.5,1.4,2.0,Mont du Lac,Empty,Empty,Empty,Empty,Empty
388,388, Huff Hills ,https://www.skiresort.info/ski-resort/huff-hills/,35.0,Mandan,North Dakota,3.0,1.8,0.8,0.4,Huff Hills,Empty,Empty,Empty,Empty,Empty
389,389, Woods Valley ,https://www.skiresort.info/ski-resort/woods-valley/,43.0,Westernville,Central New York,4.0,2.0,1.5,0.5,Woods Valley,Empty,Empty,Empty,Empty,Empty
390,390, Mount Greylock – South Williamstown ,https://www.skiresort.info/ski-resort/mount-greylock-south-williamstown/,Empty,Williamstown,Massachusetts,4.8,1.2,3.0,0.6,Mount Greylock – South Williamstown,Empty,Empty,Empty,Empty,Empty
391,391, Skyline – Friendship ,https://www.skiresort.info/ski-resort/skyline-friendship/,Empty,Friendship,Wisconsin,1.7,1.0,0.4,0.3,Skyline – Friendship,Empty,Empty,Empty,Empty,Empty
392,392, Sundown Mountain Resort ,https://www.skiresort.info/ski-resort/sundown-mountain-resort/,46.0,Dubuque,Iowa,3.2,1.3,1.6,0.3,Sundown Mountain Resort,Empty,Empty,Empty,Empty,Empty
393,393, Lyndon Outing Club ,https://www.skiresort.info/ski-resort/lyndon-outing-club/,15.0,Lyndon,Vermont,2.6,1.5,1.0,0.1,Lyndon Outing Club,Empty,Empty,Empty,Empty,Empty
394,394, Andes Tower Hills ,https://www.skiresort.info/ski-resort/andes-tower-hills/,45.0,Alexandria,Minnesota,4.0,2.2,1.6,0.2,Andes Tower Hills,Empty,Empty,Empty,Empty,Empty
395,395, Ascutney Mountain ,https://www.skiresort.info/ski-resort/ascutney-mountain/,Empty,Empty,Vermont,1.8,1.2,0.6,0.0,Ascutney Mountain,Empty,Empty,Empty,Empty,Empty
396,396, Storrs Hill – Lebanon ,https://www.skiresort.info/ski-resort/storrs-hill-lebanon/,15.0,Lebanon,New Hampshire,1.0,0.7,0.3,0.0,Storrs Hill – Lebanon,Empty,Empty,Empty,Empty,Empty
397,397, Lake City Ski Hill ,https://www.skiresort.info/ski-resort/lake-city-ski-hill/,15.0,Lake City,Colorado,1.0,0.7,0.3,0.0,Lake City Ski Hill,Empty,Empty,Empty,Empty,Empty
398,398, Whitetail Ridge – Fort McCoy ,https://www.skiresort.info/ski-resort/whitetail-ridge-fort-mccoy/,27.0,Fort McCoy,Wisconsin,1.2,0.7,0.5,0.0,Whitetail Ridge – Fort McCoy,Empty,Empty,Empty,Empty,Empty
399,399, Granlibakken ,https://www.skiresort.info/ski-resort/granlibakken/,40.0,Granlibakken,Lake Tahoe,2.0,1.0,1.0,0.0,Granlibakken,Empty,Empty,Empty,Empty,Empty
400,400, Big Boulder ,https://www.skiresort.info/ski-resort/big-boulder/,65.0,Allentown,Pennsylvania,4.0,3.0,1.0,0.0,Big Boulder,Empty,Empty,Empty,Empty,Empty
401,401, Bruce Mound ,https://www.skiresort.info/ski-resort/bruce-mound/,31.0,Black River Falls,Wisconsin,2.0,1.0,0.5,0.5,Bruce Mound,Empty,Empty,Empty,Empty,Empty
402,402, Boston Mills ,https://www.skiresort.info/ski-resort/boston-mills/,44.0,Cleveland,Ohio,1.5,0.5,0.5,0.5,Boston Mills,Empty,Empty,Empty,Empty,Empty
403,403, Cannonsburg Ski Area ,https://www.skiresort.info/ski-resort/cannonsburg-ski-area/,39.0,Grand Rapids,Michigan,2.0,0.5,1.0,0.5,Cannonsburg Ski Area,Empty,Empty,Empty,Empty,Empty
404,404, Echo Valley – Lake Chelan ,https://www.skiresort.info/ski-resort/echo-valley-lake-chelan/,30.0,Chelan,Washington State,2.4,0.2,1.2,1.0,Echo Valley – Lake Chelan,Empty,Empty,Empty,Empty,Empty
405,405, Veterans Memorial – Franklin ,https://www.skiresort.info/ski-resort/veterans-memorial-franklin/,Empty,Franklin,New Hampshire,1.0,0.6,0.4,0.0,Veterans Memorial – Franklin,Empty,Empty,Empty,Empty,Empty
406,406, Camp 10 ,https://www.skiresort.info/ski-resort/camp-10/,34.0,Rhinelander,Wisconsin,1.5,0.3,0.7,0.5,Camp 10,Empty,Empty,Empty,Empty,Empty
407,407, Coffee Mill Ski Area ,https://www.skiresort.info/ski-resort/coffee-mill-ski-area/,37.0,Wabasha,Minnesota,2.0,1.0,0.6,0.4,Coffee Mill Ski Area,Empty,Empty,Empty,Empty,Empty
408,408, Swiss Valley ,https://www.skiresort.info/ski-resort/swiss-valley/,42.0,Jones,Michigan,1.8,0.4,1.1,0.3,Swiss Valley,Empty,Empty,Empty,Empty,Empty
409,409, Buena Vista ,https://www.skiresort.info/ski-resort/buena-vista/,44.0,Bemidji,Minnesota,1.7,0.4,0.8,0.5,Buena Vista,Empty,Empty,Empty,Empty,Empty
410,410, Crescent Hills ,https://www.skiresort.info/ski-resort/crescent-hills/,39.0,Omaha,Iowa,2.0,0.8,0.8,0.4,Crescent Hills,Empty,Empty,Empty,Empty,Empty
411,411, Grand Geneva ,https://www.skiresort.info/ski-resort/grand-geneva/,55.0,Lake Geneva,Wisconsin,1.8,1.2,0.4,0.2,Grand Geneva,Empty,Empty,Empty,Empty,Empty
412,412, Brandywine ,https://www.skiresort.info/ski-resort/brandywine/,44.0,Cleveland,Ohio,2.0,1.0,0.7,0.3,Brandywine,Empty,Empty,Empty,Empty,Empty
413,413, Beartown ,https://www.skiresort.info/ski-resort/beartown/,22.0,West Chazy,The Adirondacks,0.8,0.5,0.3,0.0,Beartown,Empty,Empty,Empty,Empty,Empty
414,414, Spruce Mountain – Jay ,https://www.skiresort.info/ski-resort/spruce-mountain-jay/,25.0,Livermore Falls,Maine,2.4,0.6,1.4,0.4,Spruce Mountain – Jay,Empty,Empty,Empty,Empty,Empty
415,415, Dry Hill ,https://www.skiresort.info/ski-resort/dry-hill/,40.0,Watertown,Thousand Islands-Seaway,2.4,0.7,1.2,0.5,Dry Hill,Empty,Empty,Empty,Empty,Empty
416,416, Polar Peak ,https://www.skiresort.info/ski-resort/polar-peak/,Empty,Ancram,Hudson Valley,1.9,1.0,0.5,0.4,Polar Peak,Empty,Empty,Empty,Empty,Empty
417,417, The Ridge – Le Roy ,https://www.skiresort.info/ski-resort/the-ridge-le-roy/,Empty,Empty,Greater Niagara,0.7,0.4,0.3,0.0,The Ridge – Le Roy,Empty,Empty,Empty,Empty,Empty
418,418, Indian Lake ,https://www.skiresort.info/ski-resort/indian-lake/,Empty,Indian Lake,The Adirondacks,0.9,0.6,0.3,0.0,Indian Lake,Empty,Empty,Empty,Empty,Empty
419,419, Maple Ski Ridge ,https://www.skiresort.info/ski-resort/maple-ski-ridge/,Empty,Rotterdam,Capital-Saratoga Region,1.4,0.3,0.8,0.3,Maple Ski Ridge,Empty,Empty,Empty,Empty,Empty
420,420, Red Hill – Moultonborough ,https://www.skiresort.info/ski-resort/red-hill-moultonborough/,Empty,Moultonborough,New Hampshire,1.0,0.4,0.4,0.2,Red Hill – Moultonborough,Empty,Empty,Empty,Empty,Empty
421,421, Fox Hill ,https://www.skiresort.info/ski-resort/fox-hill/,Empty,West Bend,Wisconsin,1.0,0.5,0.3,0.2,Fox Hill,Empty,Empty,Empty,Empty,Empty
422,422, Abenaki ,https://www.skiresort.info/ski-resort/abenaki/,Empty,Empty,New Hampshire,2.0,1.2,0.5,0.3,Abenaki,Empty,Empty,Empty,Empty,Empty
423,423, Buckhorn Ski and Snowboard Club ,https://www.skiresort.info/ski-resort/buckhorn-ski-and-snowboard-club/,Empty,La Cañada Flintridge,California,1.2,0.2,0.6,0.4,Buckhorn Ski and Snowboard Club,Empty,Empty,Empty,Empty,Empty
424,424, Northeast Slopes – East Corinth ,https://www.skiresort.info/ski-resort/northeast-slopes-east-corinth/,15.0,East Corinth,Vermont,2.2,1.2,1.0,0.0,Northeast Slopes – East Corinth,Empty,Empty,Empty,Empty,Empty
425,425, Little Ski Hill ,https://www.skiresort.info/ski-resort/little-ski-hill/,15.0,McCall,Idaho,1.4,1.4,0.0,0.0,Little Ski Hill,Empty,Empty,Empty,Empty,Empty
426,426, Cochran Ski Area ,https://www.skiresort.info/ski-resort/cochran-ski-area/,25.0,Burlington,Vermont,1.2,0.6,0.5,0.1,Cochran Ski Area,Empty,Empty,Empty,Empty,Empty
427,427, Mt. Pisgah ,https://www.skiresort.info/ski-resort/mt-pisgah/,25.0,Saranac Lake,The Adirondacks,1.0,1.0,0.0,0.0,Mt. Pisgah,Empty,Empty,Empty,Empty,Empty
428,428, Missaukee Mountain ,https://www.skiresort.info/ski-resort/missaukee-mountain/,Empty,Empty,Michigan,1.3,0.7,0.5,0.1,Missaukee Mountain,Empty,Empty,Empty,Empty,Empty
429,429, Pinnacle Park – Pittsfield ,https://www.skiresort.info/ski-resort/pinnacle-park-pittsfield/,Empty,Pittsfield,Maine,0.7,0.3,0.2,0.2,Pinnacle Park – Pittsfield,Empty,Empty,Empty,Empty,Empty
430,430, Plumas Eureka Ski Bowl ,https://www.skiresort.info/ski-resort/plumas-eureka-ski-bowl/,Empty,Johnsville,California,1.3,1.0,0.2,0.1,Plumas Eureka Ski Bowl,Empty,Empty,Empty,Empty,Empty
431,431, Quoggy Jo Ski Center – Presque Isle ,https://www.skiresort.info/ski-resort/quoggy-jo-ski-center-presque-isle/,8.0,Presque Isle,Maine,0.8,0.8,0.0,0.0,Quoggy Jo Ski Center – Presque Isle,Empty,Empty,Empty,Empty,Empty
432,432, Badger Mountain ,https://www.skiresort.info/ski-resort/badger-mountain/,10.0,Wenatchee,Washington State,2.5,2.0,0.5,0.0,Badger Mountain,Empty,Empty,Empty,Empty,Empty
433,433, Brantling Ski Slopes ,https://www.skiresort.info/ski-resort/brantling-ski-slopes/,32.0,Rochester,Finger Lakes,1.0,0.7,0.3,0.0,Brantling Ski Slopes,Empty,Empty,Empty,Empty,Empty
434,434, Eaton Mountain ,https://www.skiresort.info/ski-resort/eaton-mountain/,15.0,Skowhegan,Maine,2.0,1.5,0.5,0.0,Eaton Mountain,Empty,Empty,Empty,Empty,Empty
435,435, Pando Park  (temporarily closed) ,https://www.skiresort.info/ski-resort/pando-park/,22.0,Rockford,Michigan,1.3,1.0,0.3,0.0,Pando Park  (temporarily closed),Empty,Empty,Empty,Empty,Empty
436,436, Hillberg Ski Area ,https://www.skiresort.info/ski-resort/hillberg-ski-area/,20.0,Anchorage,Alaska,1.2,0.9,0.3,0.0,Hillberg Ski Area,Empty,Empty,Empty,Empty,Empty
437,437, Kettlebowl ,https://www.skiresort.info/ski-resort/kettlebowl/,5.0,Bryant,Wisconsin,1.4,0.3,1.1,0.0,Kettlebowl,Empty,Empty,Empty,Empty,Empty
438,438, Hanson Hills ,https://www.skiresort.info/ski-resort/hanson-hills/,25.0,Grayling,Michigan,1.0,0.8,0.2,0.0,Hanson Hills,Empty,Empty,Empty,Empty,Empty
439,439, Living Memorial Park – Brattleboro ,https://www.skiresort.info/ski-resort/living-memorial-park-brattleboro/,5.0,Brattleboro,Vermont,0.5,0.5,0.0,0.0,Living Memorial Park – Brattleboro,Empty,Empty,Empty,Empty,Empty
440,440, Alta Sierra – Shirley Meadows ,https://www.skiresort.info/ski-resort/alta-sierra-shirley-meadows/,50.0,Bakersfield,California,1.5,1.3,0.2,0.0,Alta Sierra – Shirley Meadows,Empty,Empty,Empty,Empty,Empty
441,441, Meany Lodge ,https://www.skiresort.info/ski-resort/meany-lodge/,Empty,Easton,Washington State,2.0,1.0,1.0,0.0,Meany Lodge,Empty,Empty,Empty,Empty,Empty
442,442, Sahalie Ski Club ,https://www.skiresort.info/ski-resort/sahalie-ski-club/,Empty,North Bend,Washington State,1.5,1.0,0.5,0.0,Sahalie Ski Club,Empty,Empty,Empty,Empty,Empty
443,443, Fort Wainwright/​Birch Hill – Fairbanks ,https://www.skiresort.info/ski-resort/fort-wainwrightbirch-hill-fairbanks/,Empty,Fairbanks,Alaska,1.8,1.5,0.3,0.0,Fort Wainwright/​Birch Hill – Fairbanks,Empty,Empty,Empty,Empty,Empty
444,444, Snow Hill at Eastman ,https://www.skiresort.info/ski-resort/snow-hill-at-eastman/,Empty,Newport,New Hampshire,1.0,0.5,0.5,0.0,Snow Hill at Eastman,Empty,Empty,Empty,Empty,Empty
445,445, Mt. Eustis – Littleton  (temporarily closed) ,https://www.skiresort.info/ski-resort/mt-eustis-littleton/,Empty,Empty,New Hampshire,1.2,0.5,0.7,0.0,Mt. Eustis – Littleton  (temporarily closed),Empty,Empty,Empty,Empty,Empty
446,446, Challenge Mountain – Walloon Lake ,https://www.skiresort.info/ski-resort/challenge-mountain-walloon-lake/,Empty,Walloon Lake,Michigan,1.2,0.9,0.3,0.0,Challenge Mountain – Walloon Lake,Empty,Empty,Empty,Empty,Empty
447,447, Mount Prospect – Lancaster ,https://www.skiresort.info/ski-resort/mount-prospect-lancaster/,Empty,Lancaster,New Hampshire,0.8,0.5,0.3,0.0,Mount Prospect – Lancaster,Empty,Empty,Empty,Empty,Empty
448,448, Triangle Sports Area – Green Bay ,https://www.skiresort.info/ski-resort/triangle-sports-area-green-bay/,Empty,Green Bay,Wisconsin,0.6,0.5,0.1,0.0,Triangle Sports Area – Green Bay,Empty,Empty,Empty,Empty,Empty
449,449, Blackhawk Ski Club – Middleton ,https://www.skiresort.info/ski-resort/blackhawk-ski-club-middleton/,Empty,Middleton,Wisconsin,0.8,0.6,0.2,0.0,Blackhawk Ski Club – Middleton,Empty,Empty,Empty,Empty,Empty
450,450, Powers Bluff ,https://www.skiresort.info/ski-resort/powers-bluff/,10.0,Arpin,Wisconsin,1.0,1.0,0.0,0.0,Powers Bluff,Empty,Empty,Empty,Empty,Empty
451,451, Boyce Park ,https://www.skiresort.info/ski-resort/boyce-park/,28.0,Pittsburgh,Pennsylvania,1.0,1.0,0.0,0.0,Boyce Park,Empty,Empty,Empty,Empty,Empty
452,452, Four Lakes ,https://www.skiresort.info/ski-resort/four-lakes/,28.0,Lisle,Illinois,1.0,1.0,0.0,0.0,Four Lakes,Empty,Empty,Empty,Empty,Empty
453,453, The Rock Snow Park ,https://www.skiresort.info/ski-resort/the-rock-snow-park/,40.0,Milwaukee,Wisconsin,1.0,1.0,0.0,0.0,The Rock Snow Park,Empty,Empty,Empty,Empty,Empty
454,454, Leavenworth Ski Hill ,https://www.skiresort.info/ski-resort/leavenworth-ski-hill/,19.0,Leavenworth,Washington State,1.0,1.0,0.0,0.0,Leavenworth Ski Hill,Empty,Empty,Empty,Empty,Empty
455,455, Villa Roma ,https://www.skiresort.info/ski-resort/villa-roma/,Empty,Callicoon,The Catskills,1.7,1.7,0.0,0.0,Villa Roma,Empty,Empty,Empty,Empty,Empty
456,456, Big Creek Ski Area ,https://www.skiresort.info/ski-resort/big-creek-ski-area/,Empty,Cleveland,Ohio,1.0,1.0,0.0,0.0,Big Creek Ski Area,Empty,Empty,Empty,Empty,Empty
457,457, Standing Rocks ,https://www.skiresort.info/ski-resort/standing-rocks/,16.0,Stevens Point,Wisconsin,0.9,0.9,0.0,0.0,Standing Rocks,Empty,Empty,Empty,Empty,Empty
458,458, Four Seasons ,https://www.skiresort.info/ski-resort/four-seasons/,24.0,Fayetteville,Finger Lakes,0.5,0.4,0.1,0.0,Four Seasons,Empty,Empty,Empty,Empty,Empty
459,459, Cloudmont Ski Resort ,https://www.skiresort.info/ski-resort/cloudmont-ski-resort/,40.0,Fort Payne,Alabama,0.6,0.6,0.0,0.0,Cloudmont Ski Resort,Empty,Empty,Empty,Empty,Empty
460,460, Adventure Mountain – Greenland ,https://www.skiresort.info/ski-resort/adventure-mountain-greenland/,Empty,Greenland,Michigan,0.5,0.2,0.3,0.0,Adventure Mountain – Greenland,Empty,Empty,Empty,Empty,Empty
461,461, Gladstone Sports Park ,https://www.skiresort.info/ski-resort/gladstone-sports-park/,Empty,Gladstone,Michigan,0.5,0.4,0.1,0.0,Gladstone Sports Park,Empty,Empty,Empty,Empty,Empty
462,462, Al Quaal ,https://www.skiresort.info/ski-resort/al-quaal/,Empty,Ishpeming,Michigan,0.4,0.2,0.2,0.0,Al Quaal,Empty,Empty,Empty,Empty,Empty
463,463, Aldis Hill Park – St. Albans ,https://www.skiresort.info/ski-resort/aldis-hill-park-st-albans/,Empty,Empty,Vermont,0.4,0.2,0.2,0.0,Aldis Hill Park – St. Albans,Empty,Empty,Empty,Empty,Empty
464,464, Ruby Mountain ,https://www.skiresort.info/ski-resort/ruby-mountain/,Empty,Lamoille,Empty,Empty,Empty,Empty,Empty,Ruby Mountain,Empty,Empty,Empty,Empty,Empty
465,465, North Cascade Heliskiing – Mazama ,https://www.skiresort.info/ski-resort/north-cascade-heliskiing-mazama/,Empty,Mazama,Empty,Empty,Empty,Empty,Empty,North Cascade Heliskiing – Mazama,Empty,Empty,Empty,Empty,Empty
466,466, Powderhouse Hill – South Berwick ,https://www.skiresort.info/ski-resort/powderhouse-hill-south-berwick/,5.0,South Berwick,Maine,0.5,0.5,0.0,0.0,Powderhouse Hill – South Berwick,Empty,Empty,Empty,Empty,Empty
467,467, Keyes Peak – Florence ,https://www.skiresort.info/ski-resort/keyes-peak-florence/,12.0,Florence,Wisconsin,0.5,0.5,0.0,0.0,Keyes Peak – Florence,Empty,Empty,Empty,Empty,Empty
468,468, Salmonberry – Valdez ,https://www.skiresort.info/ski-resort/salmonberry-valdez/,Empty,Valdez,Alaska,0.4,0.4,0.0,0.0,Salmonberry – Valdez,Empty,Empty,Empty,Empty,Empty
469,469, Rocking Horse Ranch ,https://www.skiresort.info/ski-resort/rocking-horse-ranch/,Empty,Highland,The Catskills,0.3,0.3,0.0,0.0,Rocking Horse Ranch,Empty,Empty,Empty,Empty,Empty
470,470, Great Northern Powder Guides ,https://www.skiresort.info/ski-resort/great-northern-powder-guides/,Empty,Whitefish, read more,Empty,Empty,Empty,Empty,Great Northern Powder Guides,Empty,Empty,Empty,Empty,Empty
471,471, Cascade Powder Guides ,https://www.skiresort.info/ski-resort/cascade-powder-guides/,Empty,Empty,Empty,Empty,Empty,Empty,Empty,Cascade Powder Guides,Empty,Empty,Empty,Empty,Empty
472,472, Petoskey Winter Sports Park ,https://www.skiresort.info/ski-resort/petoskey-winter-sports-park/,Empty,Petoskey,Michigan,0.2,0.2,0.0,0.0,Petoskey Winter Sports Park,Empty,Empty,Empty,Empty,Empty
473,473, Cottonwood Butte ,https://www.skiresort.info/ski-resort/cottonwood-butte/,20.0,Cottonwood,Idaho,Empty,Empty,Empty,Empty,Cottonwood Butte,Empty,Empty,Empty,Empty,Empty
474,474, Nutt Hill – Plymouth ,https://www.skiresort.info/ski-resort/nutt-hill-plymouth/,Empty,Plymouth,Wisconsin,0.2,0.2,0.0,0.0,Nutt Hill – Plymouth,Empty,Empty,Empty,Empty,Empty
475,475, Winterplace ,https://www.skiresort.info/ski-resort/winterplace/,54.0,Ghent,West Virginia,Empty,Empty,Empty,Empty,Winterplace,Empty,Empty,Empty,Empty,Empty
476,476, Texas Ski Ranch – New Braunfels (dry slopes) ,https://www.skiresort.info/ski-resort/texas-ski-ranch-new-braunfels/,27.0,New Braunfels,Texas,0.1,0.1,0.0,0.0,Texas Ski Ranch – New Braunfels (dry slopes),Empty,Empty,Empty,Empty,Empty
477,477, Dynamite Hill – Chestertown ,https://www.skiresort.info/ski-resort/dynamite-hill-chestertown/,Empty,Chestertown,The Adirondacks,0.2,0.2,0.0,0.0,Dynamite Hill – Chestertown,Empty,Empty,Empty,Empty,Empty
478,478, Cockaigne Resort ,https://www.skiresort.info/ski-resort/cockaigne-resort/,38.0,Empty,Chautauqua-Allegheny,Empty,Empty,Empty,Empty,Cockaigne Resort,Empty,Empty,Empty,Empty,Empty
479,479, Bittersweet ,https://www.skiresort.info/ski-resort/bittersweet/,48.0,Kalamazoo,Michigan,Empty,Empty,Empty,Empty,Bittersweet,Empty,Empty,Empty,Empty,Empty
480,480, Eagle Rock ,https://www.skiresort.info/ski-resort/eagle-rock/,Empty,Hazleton,Pennsylvania,Empty,Empty,Empty,Empty,Eagle Rock,Empty,Empty,Empty,Empty,Empty
481,481, Snöbahn – Centennial ,https://www.skiresort.info/ski-resort/snoebahn-centennial/,Empty,Centennial,Colorado,0.1,0.1,0.0,0.0,Snöbahn – Centennial,Empty,Empty,Empty,Empty,Empty
482,482, Maple Valley  (temporarily closed) ,https://www.skiresort.info/ski-resort/maple-valley/,Empty,Empty,Vermont,Empty,Empty,Empty,Empty,Maple Valley  (temporarily closed),Empty,Empty,Empty,Empty,Empty
483,483, Sky Tavern ,https://www.skiresort.info/ski-resort/sky-tavern/,Empty,Reno,Nevada,Empty,Empty,Empty,Empty,Sky Tavern,Empty,Empty,Empty,Empty,Empty
484,484, Paul Bunyan Ski Hill ,https://www.skiresort.info/ski-resort/paul-bunyan-ski-hill/,Empty,Empty,Wisconsin,Empty,Empty,Empty,Empty,Paul Bunyan Ski Hill,Empty,Empty,Empty,Empty,Empty
485,485, Stover Mountain ,https://www.skiresort.info/ski-resort/stover-mountain/,Empty,Empty,California,Empty,Empty,Empty,Empty,Stover Mountain,Empty,Empty,Empty,Empty,Empty
486,486, Mt. Bailey ,https://www.skiresort.info/ski-resort/mt-bailey/,385.0,Empty,Empty,Empty,Empty,Empty,Empty,Mt. Bailey,Empty,Empty,Empty,Empty,Empty
487,487, Inside Ski Training Center – Leesburg (dry slopes) ,https://www.skiresort.info/ski-resort/inside-ski-training-center-leesburg/,Empty,Leesburg,Virginia,0.1,0.1,0.0,0.0,Inside Ski Training Center – Leesburg (dry slopes),Empty,Empty,Empty,Empty,Empty
488,488, Eagle Island Park ,https://www.skiresort.info/ski-resort/eagle-island-park/,Empty,Eagle,Idaho,0.1,0.1,0.0,0.0,Eagle Island Park,Empty,Empty,Empty,Empty,Empty
489,489, WinterClub Indoor Ski & Snowboard – Winter Park (dry slopes) ,https://www.skiresort.info/ski-resort/winterclub-indoor-ski-snowboard-winter-park/,Empty,Winter Park,Florida,0.1,0.1,0.0,0.0,WinterClub Indoor Ski & Snowboard – Winter Park (dry slopes),Empty,Empty,Empty,Empty,Empty
490,490, Sand Master Park – Florence (sand ski area) ,https://www.skiresort.info/ski-resort/sand-master-park-florence/,Empty,Florence,Empty,0.1,0.0,0.0,0.1,Sand Master Park – Florence (sand ski area),Empty,Empty,Empty,Empty,Empty
491,491, Diamond Peaks ,https://www.skiresort.info/ski-resort/diamond-peaks/,Empty,Huntsville (Utah),Empty,Empty,Empty,Empty,Empty,Diamond Peaks,Empty,Empty,Empty,Empty,Empty
492,492, Valdez Heli-Ski Guides ,https://www.skiresort.info/ski-resort/valdez-heli-ski-guides/,Empty,Empty,Empty,Empty,Empty,Empty,Empty,Valdez Heli-Ski Guides,Empty,Empty,Empty,Empty,Empty
493,493, Yukon Alpine Heliskiing ,https://www.skiresort.info/ski-resort/yukon-alpine-heliskiing/,Empty,Empty,Empty,Empty,Empty,Empty,Empty,Yukon Alpine Heliskiing,Empty,Empty,Empty,Empty,Empty
494,494, H2O Guides ,https://www.skiresort.info/ski-resort/h2o-guides/,Empty,Empty,Empty,Empty,Empty,Empty,Empty,H2O Guides,Empty,Empty,Empty,Empty,Empty
495,495, Points North Heli Adventures ,https://www.skiresort.info/ski-resort/points-north-heli-adventures/,Empty,Empty,Empty,Empty,Empty,Empty,Empty,Points North Heli Adventures,Empty,Empty,Empty,Empty,Empty
496,496, Green Mountain – Bush Creek Ranch ,https://www.skiresort.info/ski-resort/green-mountain-bush-creek-ranch/,Empty,Empty,Empty,Empty,Empty,Empty,Empty,Green Mountain – Bush Creek Ranch,Empty,Empty,Empty,Empty,Empty
497,497, Whisper Ridge ,https://www.skiresort.info/ski-resort/whisper-ridge/,Empty,Empty,Empty,Empty,Empty,Empty,Empty,Whisper Ridge,Empty,Empty,Empty,Empty,Empty
498,498, Jerry's Heliski Alaska ,https://www.skiresort.info/ski-resort/jerrys-heliski-alaska/,Empty,Empty,Empty,Empty,Empty,Empty,Empty,Jerry's Heliski Alaska,Empty,Empty,Empty,Empty,Empty
499,499, Powderbird ,https://www.skiresort.info/ski-resort/powderbird/,Empty,Empty,Empty,Empty,Empty,Empty,Empty,Powderbird,Empty,Empty,Empty,Empty,Empty
500,500, Mott Mountain ,https://www.skiresort.info/ski-resort/mott-mountain/,Empty,Empty,info@skiresort-service.com,Empty,Empty,Empty,Empty,Mott Mountain,Empty,Empty,Empty,Empty,Empty
501,501, Mayflower Mountain Resort (planned) ,https://www.skiresort.info/ski-resort/mayflower-mountain-resort-planned/,Empty,Empty,info@skiresort-service.com,Empty,Empty,Empty,Empty,Mayflower Mountain Resort (planned),Empty,Empty,Empty,Empty,Empty
502,502, Las Vegas Wet (planned) (indoor ski area) ,https://www.skiresort.info/ski-resort/las-vegas-wet-planned/,Empty,Empty,info@skiresort-service.com,Empty,Empty,Empty,Empty,Las Vegas Wet (planned) (indoor ski area),Empty,Empty,Empty,Empty,Empty
503,503, Huntington ,https://www.skiresort.info/ski-resort/huntington/,Empty,Empty,info@skiresort-service.com,Empty,Empty,Empty,Empty,Huntington,Empty,Empty,Empty,Empty,Empty
504,504, Carson Ski Resort ,https://www.skiresort.info/ski-resort/carson-ski-resort/,Empty,Empty,info@skiresort-service.com,Empty,Empty,Empty,Empty,Carson Ski Resort,Empty,Empty,Empty,Empty,Empty
505,505, Bearfire Resort – Dallas-Fort Worth (planned) (indoor ski area) ,https://www.skiresort.info/ski-resort/bearfire-resort-dallas-fort-worth-planned/,Empty,Empty,info@skiresort-service.com,Empty,Empty,Empty,Empty,Bearfire Resort – Dallas-Fort Worth (planned) (indoor ski area),Empty,Empty,Empty,Empty,Empty
506,506, Seacoast Snow Park ,https://www.skiresort.info/ski-resort/seacoast-snow-park/,Empty,Empty,info@skiresort-service.com,Empty,Empty,Empty,Empty,Seacoast Snow Park,Empty,Empty,Empty,Empty,Empty
507,507, Ravenswood ,https://www.skiresort.info/ski-resort/ravenswood/,Empty,Empty,info@skiresort-service.com,Empty,Empty,Empty,Empty,Ravenswood,Empty,Empty,Empty,Empty,Empty
508,508, Riverside Hills ,https://www.skiresort.info/ski-resort/riverside-hills/,Empty,Empty,info@skiresort-service.com,Empty,Empty,Empty,Empty,Riverside Hills,Empty,Empty,Empty,Empty,Empty
509,509, Potawatomi Park ,https://www.skiresort.info/ski-resort/potawatomi-park/,Empty,Empty,info@skiresort-service.com,Empty,Empty,Empty,Empty,Potawatomi Park,Empty,Empty,Empty,Empty,Empty
510,510, Scotch Valley Resort  (temporarily closed) ,https://www.skiresort.info/ski-resort/scotch-valley-resort/,Empty,Empty,info@skiresort-service.com,Empty,Empty,Empty,Empty,Scotch Valley Resort  (temporarily closed),Empty,Empty,Empty,Empty,Empty
511,511, Quadna Mountain ,https://www.skiresort.info/ski-resort/quadna-mountain/,Empty,Empty,info@skiresort-service.com,Empty,Empty,Empty,Empty,Quadna Mountain,Empty,Empty,Empty,Empty,Empty
512,512, Mt. Zion Hill ,https://www.skiresort.info/ski-resort/mt-zion-hill/,Empty,Empty,info@skiresort-service.com,Empty,Empty,Empty,Empty,Mt. Zion Hill,Empty,Empty,Empty,Empty,Empty
513,513, Mt. Mc Sauba ,https://www.skiresort.info/ski-resort/mt-mc-sauba/,Empty,Empty,info@skiresort-service.com,Empty,Empty,Empty,Empty,Mt. Mc Sauba,Empty,Empty,Empty,Empty,Empty
514,514, Shu-Maker Mountain – Little Falls ,https://www.skiresort.info/ski-resort/shu-maker-mountain-little-falls/,Empty,Empty,info@skiresort-service.com,Empty,Empty,Empty,Empty,Shu-Maker Mountain – Little Falls,Empty,Empty,Empty,Empty,Empty
515,515, Nor-Ski Runs – Decorah ,https://www.skiresort.info/ski-resort/nor-ski-runs-decorah/,Empty,Empty,info@skiresort-service.com,Empty,Empty,Empty,Empty,Nor-Ski Runs – Decorah,Empty,Empty,Empty,Empty,Empty
516,516, North Bicentennial Park ,https://www.skiresort.info/ski-resort/north-bicentennial-park/,Empty,Empty,info@skiresort-service.com,Empty,Empty,Empty,Empty,North Bicentennial Park,Empty,Empty,Empty,Empty,Empty
517,517, Sunset Ski Area ,https://www.skiresort.info/ski-resort/sunset-ski-area/,Empty,Empty,info@skiresort-service.com,Empty,Empty,Empty,Empty,Sunset Ski Area,Empty,Empty,Empty,Empty,Empty
518,518, Sierra Summit ,https://www.skiresort.info/ski-resort/sierra-summit/,Empty,Empty,info@skiresort-service.com,Empty,Empty,Empty,Empty,Sierra Summit,Empty,Empty,Empty,Empty,Empty
519,519, Lynx Creek ,https://www.skiresort.info/ski-resort/lynx-creek/,Empty,Empty,info@skiresort-service.com,Empty,Empty,Empty,Empty,Lynx Creek,Empty,Empty,Empty,Empty,Empty
520,520, Fairmont Hot Springs – Fairmont ,https://www.skiresort.info/ski-resort/fairmont-hot-springs-fairmont/,Empty,Empty,info@skiresort-service.com,Empty,Empty,Empty,Empty,Fairmont Hot Springs – Fairmont,Empty,Empty,Empty,Empty,Empty
521,521, Plumtree Ski Hill (Fawnridge) ,https://www.skiresort.info/ski-resort/plumtree-ski-hill-fawnridge/,Empty,Empty,info@skiresort-service.com,Empty,Empty,Empty,Empty,Plumtree Ski Hill (Fawnridge),Empty,Empty,Empty,Empty,Empty
522,522, Black Rapid ,https://www.skiresort.info/ski-resort/black-rapid/,Empty,Empty,info@skiresort-service.com,Empty,Empty,Empty,Empty,Black Rapid,Empty,Empty,Empty,Empty,Empty
