,index,name,link,price,closest_town,region,total_len,easy_len,intermediate_len,difficult_len,geometry,state,website
0,0,Vail,https://www.skiresort.info/ski-resort/vail/,219.0,Vail,Colorado,234.0,57.0,84.0,93.0,"{-106.35805314076724,39.60991962505997}",Unknown,http://www.vail.snow.com
1,1,Telluride,https://www.skiresort.info/ski-resort/telluride/,169.0,Mountain Village,Colorado,88.2,6.7,51.7,29.8,"{-107.83598933345762,37.92046244915704}",Colorado,http://tellurideskiresort.com/
2,3,Mammoth Mountain,https://www.skiresort.info/ski-resort/mammoth-mountain/,209.0,Mammoth Lakes,Mammoth Lakes,89.8,18.4,48.5,22.9,"{-119.02132555986691,37.64096495905402}",California,http://www.mammothmountain.com/
3,4,Snowmass,https://www.skiresort.info/ski-resort/snowmass/,199.0,Snowmass Village,Aspen Snowmass,237.0,12.0,114.0,111.0,"{-106.95106028636194,39.18914819590207}",Colorado,http://www.aspensnowmass.com
4,7,Killington,https://www.skiresort.info/ski-resort/killington/,165.0,Killington,Vermont,117.0,19.9,46.7,50.2,"{-72.79985765343031,43.61034153060775}",Vermont,http://www.killington.com
5,10,Winter Park Resort,https://www.skiresort.info/ski-resort/winter-park-resort/,164.0,Winter Park,Colorado,143.0,11.0,53.0,79.0,"{-105.7766544513478,39.871873051869514}",Colorado,http://www.winterparkresort.com/
6,12,Squaw Valley,https://www.skiresort.info/ski-resort/squaw-valley/,209.0,Olympic Valley,Lake Tahoe,100.0,25.0,45.0,30.0,"{-120.25018794888719,39.19071436087586}",California,http://www.squaw.com/
7,15,Big Sky Resort,https://www.skiresort.info/ski-resort/big-sky-resort/,194.0,Big Sky Mountain Village,Montana,250.0,55.0,69.0,126.0,"{-111.42492167907098,45.269889693626105}",Montana,http://www.bigskyresort.com
8,16,Aspen Highlands,https://www.skiresort.info/ski-resort/aspen-highlands/,199.0,Highlands Village,Aspen Snowmass,135.0,24.3,40.5,70.2,"{-106.86392064312987,39.16292317996185}",Colorado,http://www.aspensnowmass.com
9,18,Alpine Meadows,https://www.skiresort.info/ski-resort/alpine-meadows/,209.0,Alpine Meadows,Lake Tahoe,100.0,25.0,40.0,35.0,"{-73.908237218857,43.179511946672015}",New York,
10,20,Buttermilk Mountain,https://www.skiresort.info/ski-resort/buttermilk-mountain/,199.0,Aspen,Aspen Snowmass,34.0,11.9,13.3,8.8,"{-106.8698646901408,39.1908717267606}",Unknown,http://adf.ly/1UwDWa
11,24,Powder Mountain,https://www.skiresort.info/ski-resort/powder-mountain/,99.0,Eden,Utah,135.0,30.0,50.0,55.0,"{-111.761971887196,41.37719642034039}",Utah,
12,26,Mt. Bachelor,https://www.skiresort.info/ski-resort/mt-bachelor/,169.0,Bend,Oregon,100.0,15.0,25.0,60.0,"{-121.6817521227555,43.98672572878684}",Oregon,Unknown
13,28,Yellowstone Club,https://www.skiresort.info/ski-resort/yellowstone-club/,Empty,Yellowstone Club,Montana,80.0,30.0,30.0,20.0,"{-111.41113042831006,45.24162672369199}",Unknown,http://www.theyellowstoneclub.com
14,31,Schweitzer Mountain Resort,https://www.skiresort.info/ski-resort/schweitzer-mountain-resort/,95.0,Sandpoint,Idaho,95.0,20.0,40.0,35.0,"{-116.62285366870098,48.38072336697773}",Unknown,http://www.schweitzer.com/
15,32,Arapahoe Basin,https://www.skiresort.info/ski-resort/arapahoe-basin/,158.0,Keystone,Colorado,105.0,40.0,25.0,40.0,"{-105.87583397427493,39.6289031000935}",Colorado,http://www.arapahoebasin.com
16,38,Aspen Mountain,https://www.skiresort.info/ski-resort/aspen-mountain/,199.0,Aspen,Aspen Snowmass,103.0,0.0,49.0,54.0,"{-106.82188128782913,39.170930057697404}",Colorado,http://www.aspensnowmass.com
17,40,Whitefish Mountain Resort,https://www.skiresort.info/ski-resort/whitefish-mountain-resort/,85.0,Whitefish Mountain Village,Montana,91.0,18.0,46.0,27.0,"{-114.34326102380551,48.497283508593256}",Montana,Unknown
18,45,Sugarloaf,https://www.skiresort.info/ski-resort/sugarloaf/,119.0,Carrabassett Valley,Maine,87.0,20.0,30.0,37.0,"{-70.31393209318415,45.043314638097705}",Maine,http://www.sugarloaf.com
19,50,Jay Peak,https://www.skiresort.info/ski-resort/jay-peak/,89.0,Jay,Vermont,76.0,15.0,31.0,30.0,"{-72.51622713475902,44.928436540122156}",Vermont,http://jaypeakresort.com/
20,55,Bretton Woods,https://www.skiresort.info/ski-resort/bretton-woods/,104.0,Twin Mountain,New Hampshire,56.0,25.0,16.0,15.0,"{-71.46717042409762,44.25146601305734}",New Hampshire,Unknown
21,56,Mount Snow,https://www.skiresort.info/ski-resort/mount-snow/,110.0,West Dover,Vermont,60.0,6.0,46.0,8.0,"{-72.90796247996889,42.961041548291924}",Vermont,http://mountsnow.com/
22,57,Red Lodge Mountain,https://www.skiresort.info/ski-resort/red-lodge-mountain/,84.0,Red Lodge,Montana,65.0,11.0,30.0,24.0,"{-109.35125832434292,45.18872464135545}",Montana,Unknown
23,60,Bogus Basin,https://www.skiresort.info/ski-resort/bogus-basin/,64.0,Boise,Idaho,50.0,11.0,22.0,17.0,"{-116.08806273417413,43.766873514853245}",Idaho,http://www.bogusbasin.org/
24,61,Kirkwood,https://www.skiresort.info/ski-resort/kirkwood/,119.0,Kirkwood,Lake Tahoe,65.0,15.0,30.0,20.0,"{-120.06582143853203,38.67714158103975}",California,http://www.kirkwood.com/
25,62,Gore Mountain,https://www.skiresort.info/ski-resort/gore-mountain/,94.0,North Creek,The Adirondacks,58.2,6.7,28.2,23.3,"{-74.02378163740998,43.67956294100719}",Unknown,http://www.goremountain.com
26,63,Sierra at Tahoe,https://www.skiresort.info/ski-resort/sierra-at-tahoe/,115.0,South Lake Tahoe,Lake Tahoe,46.5,12.0,23.0,11.5,"{-120.07588704046783,38.79653993866911}",Unknown,http://www.sierraattahoe.com/
27,65,49 Degrees North Mountain Resort,https://www.skiresort.info/ski-resort/49-degrees-north-mountain-resort/,62.0,Chewelah,Washington State,68.0,20.0,27.0,21.0,"{-117.56779086266143,48.29241317934455}",Unknown,http://www.ski49n.com
28,66,Timberline,https://www.skiresort.info/ski-resort/timberline/,89.0,Welches,Oregon,31.0,8.0,15.0,8.0,"{-89.93217229843097,43.14051444932901}",Wisconsin,
29,67,Snowbasin,https://www.skiresort.info/ski-resort/snowbasin/,135.0,Huntsville (Utah),Utah,48.0,5.0,28.0,15.0,"{-111.86105313110127,41.19940921279766}",Unknown,http://www.snowbasin.com/
30,68,Loon Mountain,https://www.skiresort.info/ski-resort/loon-mountain/,104.0,Lincoln,New Hampshire,45.0,13.0,26.0,6.0,"{-71.63237615371992,44.045973468819}",Unknown,Unknown
31,70,Hunter Mountain,https://www.skiresort.info/ski-resort/hunter-mountain/,91.0,Tannersville,The Catskills,55.0,18.0,18.0,19.0,"{-74.22299654540444,42.20224480588236}",New York,http://www.huntermtn.com/
32,71,Tamarack Resort,https://www.skiresort.info/ski-resort/tamarack-resort/,100.0,Donnelly,Idaho,42.0,12.0,20.0,10.0,"{-116.14289420041456,44.681993244217395}",Idaho,http://www.tamarackidaho.com
33,72,Windham Mountain,https://www.skiresort.info/ski-resort/windham-mountain/,98.0,Windham,The Catskills,46.0,20.0,16.0,10.0,"{-74.257278442383,42.292548351430014}",New York,Unknown
34,73,Arizona Snowbowl,https://www.skiresort.info/ski-resort/arizona-snowbowl/,99.0,Flagstaff,Arizona,37.0,12.0,14.0,11.0,"{-111.6985322631388,35.33008002062042}",Arizona,http://www.arizonasnowbowl.com
35,78,Cannon Mountain,https://www.skiresort.info/ski-resort/cannon-mountain/,79.0,Franconia,New Hampshire,50.0,15.0,25.0,10.0,"{-71.70194662723318,44.169800364705864}",Unknown,http://www.cannonmt.com/
36,79,Lutsen Mountains,https://www.skiresort.info/ski-resort/lutsen-mountains/,84.0,Lutsen,Minnesota,40.0,8.0,19.0,13.0,"{-90.71958907484105,47.6575728382465}",Minnesota,http://www.lutsen.com
37,81,Loveland,https://www.skiresort.info/ski-resort/loveland/,89.0,Silverthorne,Colorado,93.0,12.0,38.0,43.0,"{-105.90439419992143,39.677877686970156}",Unknown,http://www.skiloveland.com/
38,82,Pico Mountain,https://www.skiresort.info/ski-resort/pico-mountain/,85.0,Killington,Vermont,30.4,5.4,14.0,11.0,"{-72.8402508108209,43.65144701753737}",Vermont,Unknown
39,84,Lost Trail Powder Mountain,https://www.skiresort.info/ski-resort/lost-trail-powder-mountain/,46.0,Sula,Montana,50.0,15.0,25.0,10.0,"{-113.93195876634385,45.70063846973573}",Idaho,Unknown
40,87,June Mountain,https://www.skiresort.info/ski-resort/june-mountain/,129.0,June Lake,Mammoth Lakes,35.7,2.1,12.9,20.7,"{-119.07544109479164,37.75497978645833}",California,http://www.junemountain.com/
41,89,Donner Ski Ranch,https://www.skiresort.info/ski-resort/donner-ski-ranch/,79.0,Truckee,Lake Tahoe,52.0,13.0,26.0,13.0,"{-120.33963207285774,39.32438453508068}",California,http://www.donnerskiranch.com/
42,90,Mad River Glen,https://www.skiresort.info/ski-resort/mad-river-glen/,92.0,Waitsfield,Vermont,46.0,14.0,17.0,15.0,"{-72.92671381386864,44.19881530164241}",Unknown,http://www.madriverglen.com
43,91,Discovery Ski Area,https://www.skiresort.info/ski-resort/discovery-ski-area/,49.0,Philipsburg,Montana,45.0,12.0,12.0,21.0,"{-113.24449588465802,46.26188442772641}",Montana,http://www.skidiscovery.com/
44,94,Cranmore Mountain Resort,https://www.skiresort.info/ski-resort/cranmore-mountain-resort/,89.0,North Conway,New Hampshire,43.0,16.0,19.0,8.0,"{-71.09838447483993,44.0570867619397}",Unknown,http://www.cranmore.com/
45,97,Sundance,https://www.skiresort.info/ski-resort/sundance/,85.0,Provo,Utah,44.0,15.0,20.0,9.0,"{-111.58797643357562,40.38032488125004}",Utah,
46,98,Silver Mountain,https://www.skiresort.info/ski-resort/silver-mountain/,62.0,Kellogg,Idaho,25.0,4.0,8.0,13.0,"{-84.829323291779,45.88944061224898}",Michigan,http://www.michigan.org/property/silver-mountain-ski-area-tubing-hill/
47,102,Ragged Mountain,https://www.skiresort.info/ski-resort/ragged-mountain/,84.0,Danbury,New Hampshire,22.5,4.5,10.0,8.0,"{-71.84394834459454,43.47734333355856}",Unknown,Unknown
48,103,Snowshoe Mountain,https://www.skiresort.info/ski-resort/snowshoe-mountain/,119.0,Marlinton,West Virginia,31.0,14.0,11.0,6.0,"{-79.99286495116277,38.42216330451435}",West Virginia,Unknown
49,104,Snowshoe Mountain,https://www.skiresort.info/ski-resort/snowshoe-mountain/,119.0,Marlinton,West Virginia,31.0,14.0,11.0,6.0,"{-79.99455587514706,38.424160087161}",West Virginia,http://www.snowshoemtn.com/
50,106,Snow Valley,https://www.skiresort.info/ski-resort/snow-valley/,89.0,Highland,California,34.0,4.0,20.0,10.0,"{-72.96943187713597,43.199419789148}",Vermont,
51,108,Wildcat Mountain,https://www.skiresort.info/ski-resort/wildcat-mountain/,94.0,Jackson,New Hampshire,25.0,5.2,12.1,7.7,"{-71.23230653632866,44.257868843003834}",Unknown,Unknown
52,110,Timberline Mountain,https://www.skiresort.info/ski-resort/timberline-mountain/,84.0,Davis,West Virginia,18.0,6.0,6.0,6.0,"{-79.39690773244554,39.036715966828105}",West Virginia,Unknown
53,112,Waterville Valley,https://www.skiresort.info/ski-resort/waterville-valley/,96.0,Waterville Valley,New Hampshire,25.0,3.5,16.0,5.5,"{-71.54023343135474,43.96078661238709}",New Hampshire,https://www.waterville.com/
54,115,Montana Snowbowl,https://www.skiresort.info/ski-resort/montana-snowbowl/,50.0,Missoula,Montana,31.0,5.0,12.0,14.0,"{-114.00330547195904,47.022568188476306}",Montana,Unknown
55,116,Lookout Pass,https://www.skiresort.info/ski-resort/lookout-pass/,49.0,Mullan,Idaho,31.0,8.0,14.0,9.0,"{-115.70558743624466,47.45383007947599}",Idaho,http://www.skilookout.com/
56,118,Belleayre Mountain,https://www.skiresort.info/ski-resort/belleayre-mountain/,95.0,Margaretville,The Catskills,20.0,5.0,11.0,4.0,"{-74.50870176642532,42.13065101665164}",New York,http://www.belleayre.com/
57,125,Wachusett Mountain,https://www.skiresort.info/ski-resort/wachusett-mountain/,71.0,Westminster,Massachusetts,12.0,3.6,4.8,3.6,"{-71.88718272382347,42.496646208823535}",Massachusetts,https://www.wachusett.com/
58,126,Pats Peak,https://www.skiresort.info/ski-resort/pats-peak/,72.0,Henniker,New Hampshire,33.0,10.0,8.0,15.0,"{-71.79511253444815,43.15711300033449}",Unknown,Unknown
59,127,Boyne Highlands,https://www.skiresort.info/ski-resort/boyne-highlands/,98.0,Harbor Springs,Michigan,25.7,10.3,7.7,7.7,"{-84.94359571135298,45.47300075505443}",Michigan,http://www.boyne.com/boynehighlands
60,130,Magic Mountain,https://www.skiresort.info/ski-resort/magic-mountain/,74.0,Londonderry,Vermont,23.0,7.0,7.0,9.0,"{-72.76646972399514,43.19468394833611}",Unknown,http://www.magicmtn.com
61,131,Diamond Peak,https://www.skiresort.info/ski-resort/diamond-peak/,109.0,Incline Village,Lake Tahoe,16.3,1.6,7.1,7.6,"{-119.91562830185873,39.2536316126394}",Nevada,http://www.diamondpeak.com/
62,132,Homewood Mountain Resort,https://www.skiresort.info/ski-resort/homewood-mountain-resort/,Empty,Homewood,Lake Tahoe,20.0,6.0,13.0,1.0,"{-120.17251080651721,39.07811855030552}",Unknown,http://www.skihomewood.com/
63,134,Titus Mountain,https://www.skiresort.info/ski-resort/titus-mountain/,49.0,Malone,The Adirondacks,27.0,10.0,10.0,7.0,"{-74.235277777778,44.763333333333016}",New York,Unknown
64,136,Soldier Mountain,https://www.skiresort.info/ski-resort/soldier-mountain/,43.0,Fairfield,Idaho,25.0,9.0,8.0,8.0,"{-114.84175722172614,43.48494636802227}",Idaho,http://www.soldiermountain.com/
65,140,Shawnee Peak,https://www.skiresort.info/ski-resort/shawnee-peak/,75.0,Bridgton,Maine,23.0,4.0,12.0,7.0,"{-70.8180850176301,44.051378195953745}",Maine,http://www.shawneepeak.com/
66,141,Holimont,https://www.skiresort.info/ski-resort/holimont/,75.0,Ellicottville,Chautauqua-Allegheny,20.0,4.0,6.0,10.0,"{-78.68916226727535,42.271112032447604}",New York,https://holimont.com/
67,142,Mt. Shasta Ski Park,https://www.skiresort.info/ski-resort/mt-shasta-ski-park/,65.0,McCloud,California,23.0,5.0,8.0,10.0,"{-122.20078652590671,41.327341353626935}",Unknown,http://www.skipark.com/
68,147,Showdown,https://www.skiresort.info/ski-resort/showdown/,47.0,White Sulphur Springs,Montana,20.0,6.0,8.0,6.0,"{-110.70831932358078,46.836084195414834}",Montana,Unknown
69,148,Cascade Mountain,https://www.skiresort.info/ski-resort/cascade-mountain/,69.0,Empty,Wisconsin,14.0,5.0,5.0,4.0,"{-89.51606772903223,43.499764819354844}",Wisconsin,Unknown
70,149,Cascade Mountain,https://www.skiresort.info/ski-resort/cascade-mountain/,69.0,Empty,Wisconsin,14.0,5.0,5.0,4.0,"{-80.66531181335394,36.661525482754}",Virginia,http://www.dcski.com/lostareas/viewlostprofile.php?id=8
71,150,Cherry Peak,https://www.skiresort.info/ski-resort/cherry-peak/,40.0,Logan,Utah,20.0,5.0,10.0,5.0,"{-111.75468453014086,41.92171100225353}",Utah,http://skicpr.com/index.html
72,151,Seven Springs,https://www.skiresort.info/ski-resort/seven-springs/,89.0,Champion,Pennsylvania,17.0,6.0,7.0,4.0,"{-79.30402658849933,40.02350977910237}",Pennsylvania,Unknown
73,154,Burke Mountain,https://www.skiresort.info/ski-resort/burke-mountain/,73.0,Saint Johnsbury,Vermont,10.0,2.0,4.0,4.0,"{-71.89855394825985,44.579065158584804}",Vermont,http://www.skiburke.com/
74,156,Eagle Point,https://www.skiresort.info/ski-resort/eagle-point/,70.0,Beaver,Utah,20.0,6.0,9.0,5.0,"{-112.37800063523929,38.322839445457475}",Utah,http://www.skieaglepoint.com
75,160,Spirit Mountain,https://www.skiresort.info/ski-resort/spirit-mountain/,59.0,Duluth,Minnesota,11.0,4.0,5.0,2.0,"{-92.23326581159606,46.70776608553612}",Minnesota,http://www.spiritmt.com/
76,162,Arctic Valley,https://www.skiresort.info/ski-resort/arctic-valley/,45.0,Anchorage,Alaska,25.0,5.0,10.0,10.0,"{-149.52539031332284,61.24460151598595}",Alaska,http://www.skiarctic.net
77,163,Shawnee Mountain,https://www.skiresort.info/ski-resort/shawnee-mountain/,65.0,Stroudsburg,Pennsylvania,18.0,4.0,9.0,5.0,"{-75.07815825426358,41.03619038449615}",Pennsylvania,https://www.shawneemt.com/
78,166,Kissing Bridge,https://www.skiresort.info/ski-resort/kissing-bridge/,60.0,Boston,Greater Niagara,17.8,4.5,4.8,8.5,"{-78.65601084202274,42.602269476055376}",New York,Unknown
79,168,Hoodoo Ski Area,https://www.skiresort.info/ski-resort/hoodoo-ski-area/,59.0,Sisters,Oregon,17.0,6.0,8.0,3.0,"{-121.87199999999999,44.409}",Oregon,Unknown
80,171,Snowy Range,https://www.skiresort.info/ski-resort/snowy-range/,49.0,Centennial,Wyoming,16.5,4.5,9.0,3.0,"{-106.18001008339684,41.33759991164122}",Unknown,Unknown
81,173,Boyne Mountain,https://www.skiresort.info/ski-resort/boyne-mountain/,98.0,Boyne Falls,Michigan,14.0,4.5,6.0,3.5,"{-84.94010068596937,45.16371656492347}",Michigan,Unknown
82,174,Blue Knob,https://www.skiresort.info/ski-resort/blue-knob/,75.0,Altoona,Pennsylvania,16.0,5.0,8.0,3.0,"{-78.55926771364906,40.293710702228424}",Pennsylvania,http://www.blueknob.com/
83,176,Labrador Mountain,https://www.skiresort.info/ski-resort/labrador-mountain/,61.0,Tully,Finger Lakes,17.0,6.0,6.0,5.0,"{-76.03824443738323,42.73683617033067}",New York,https://www.skicny.com/labrador/
84,178,Middlebury College Snow Bowl,https://www.skiresort.info/ski-resort/middlebury-college-snow-bowl/,60.0,Hancock,Vermont,15.0,5.0,4.0,6.0,"{-72.95673237563027,43.93272784537817}",Vermont,Unknown
85,180,Sipapu,https://www.skiresort.info/ski-resort/sipapu/,55.0,Vadito,New Mexico,18.0,3.0,7.0,8.0,"{-105.55222420853926,36.150093892808954}",New Mexico,Unknown
86,190,Song Mountain,https://www.skiresort.info/ski-resort/song-mountain/,59.0,Tully,Finger Lakes,13.0,4.5,6.0,2.5,"{-76.16071766552183,42.77205470274995}",New York,Unknown
87,191,Crotched Mountain,https://www.skiresort.info/ski-resort/crotched-mountain/,69.0,Keene,New Hampshire,8.0,2.5,4.0,1.5,"{-71.87898794152541,43.00691872796608}",Unknown,https://www.crotchedmtn.com/
88,193,Loup Loup Ski Bowl,https://www.skiresort.info/ski-resort/loup-loup-ski-bowl/,50.0,Twisp,Washington State,11.0,3.0,5.0,3.0,"{-119.91890274387754,48.39162365408163}",Unknown,http://www.skitheloup.com
89,196,Tahoe Donner,https://www.skiresort.info/ski-resort/tahoe-donner/,89.0,Truckee,Lake Tahoe,14.0,6.0,8.0,0.0,"{-120.26408286891387,39.35085376104871}",Unknown,http://www.tahoedonner.com/
90,197,Big Powderhorn Mountain,https://www.skiresort.info/ski-resort/big-powderhorn-mountain/,69.0,Bessemer,Michigan,10.0,3.5,3.5,3.0,"{-90.05136999999999,46.48117}",Michigan,https://bigpowderhorn.net/
91,200,Bromley Mountain,https://www.skiresort.info/ski-resort/bromley-mountain/,91.0,Manchester,Vermont,45.0,15.0,18.0,12.0,"{-72.93778544525041,43.221144172366124}",Vermont,Unknown
92,203,Suicide Six,https://www.skiresort.info/ski-resort/suicide-six/,75.0,Woodstock,Vermont,10.5,3.5,4.0,3.0,"{-72.54683679447515,43.66287666988949}",Vermont,https://www.woodstockinn.com/ski-area
93,179,Pomerelle,https://www.skiresort.info/ski-resort/pomerelle/,45.0,Malta,Idaho,15.0,4.0,7.0,4.0,,,
94,210,Soda Springs,https://www.skiresort.info/ski-resort/soda-springs/,54.0,Truckee,Lake Tahoe,10.0,3.0,5.0,2.0,"{-120.38440964516117,39.318886009677435}",California,http://www.skisodasprings.com
95,211,Mt. Waterman,https://www.skiresort.info/ski-resort/mt-waterman/,60.0,La Cañada Flintridge,California,10.0,2.0,2.0,6.0,"{-117.9306302030074,34.34679747479021}",California,http://www.mtwaterman.org/
96,215,Liberty Mountain,https://www.skiresort.info/ski-resort/liberty-mountain/,77.0,Fairfield,Pennsylvania,9.0,3.0,4.0,2.0,"{-77.3684002381818,39.75936344272728}",Pennsylvania,Unknown
97,216,Marquette Mountain,https://www.skiresort.info/ski-resort/marquette-mountain/,54.0,Marquette,Michigan,10.0,1.5,5.0,3.5,"{-87.42100963404259,46.504952516170206}",Michigan,Unknown
98,217,Anthony Lakes Mountain Resort,https://www.skiresort.info/ski-resort/anthony-lakes-mountain-resort/,40.0,Baker City,Oregon,10.0,2.0,3.8,4.2,"{-118.2399260405556,44.96044044777777}",Oregon,https://anthonylakes.com/
99,218,Anthony Lakes Mountain Resort,https://www.skiresort.info/ski-resort/anthony-lakes-mountain-resort/,40.0,Baker City,Oregon,10.0,2.0,3.8,4.2,"{-118.2348,44.9637}",Oregon,Unknown
100,220,Big Squaw,https://www.skiresort.info/ski-resort/big-squaw/,30.0,Bangor,Maine,8.0,3.0,3.0,2.0,"{-69.70281991142855,45.50191943047622}",Maine,http://www.skibigsquaw.com/
101,221,Mohawk Mountain,https://www.skiresort.info/ski-resort/mohawk-mountain/,67.0,Cornwall,Connecticut,8.0,3.0,2.0,3.0,"{-73.31028392903228,41.834759101612924}",Unknown,http://www.mohawkmtn.com/
102,222,Bear Paw Ski Bowl,https://www.skiresort.info/ski-resort/bear-paw-ski-bowl/,25.0,Havre,Montana,10.0,3.0,6.0,1.0,"{-109.67016220093,48.164196239666}",Montana,http://skibearpaw.com/
103,226,Royal Mountain,https://www.skiresort.info/ski-resort/royal-mountain/,45.0,Caroga Lake,Capital-Saratoga Region,7.5,2.5,3.0,2.0,"{-74.50704627449666,43.083763409395985}",New York,Unknown
104,230,Hesperus Ski Area,https://www.skiresort.info/ski-resort/hesperus-ski-area/,39.0,Durango,Colorado,10.0,3.0,5.0,2.0,"{-108.05749023579551,37.296471016477305}",Unknown,http://ski-hesperus.com/
105,235,Mt. Lemmon Ski Valley,https://www.skiresort.info/ski-resort/mt-lemmon-ski-valley/,47.0,Summerhaven,Arizona,8.5,2.5,4.0,2.0,"{-110.78071393510359,32.44556556186747}",Arizona,http://www.skithelemmon.com/
106,237,Norway Mountain,https://www.skiresort.info/ski-resort/norway-mountain/,Empty,Norway,Michigan,8.0,2.5,3.5,2.0,"{-87.86855870907,45.79081623434654}",Michigan,
107,240,Ski Brule,https://www.skiresort.info/ski-resort/ski-brule/,55.0,Iron River,Michigan,7.5,2.0,4.0,1.5,"{-88.70555992912088,46.02833367252754}",Michigan,Unknown
108,241,Ski Brule,https://www.skiresort.info/ski-resort/ski-brule/,55.0,Iron River,Michigan,7.5,2.0,4.0,1.5,"{-88.699285,46.02907200000001}",Michigan,Unknown
109,244,Hogadon Ski Area,https://www.skiresort.info/ski-resort/hogadon-ski-area/,Empty,Casper,Wyoming,5.0,1.9,1.6,1.5,"{-106.33942777777997,42.744961111110996}",Wyoming,Unknown
110,247,Camden Snow Bowl,https://www.skiresort.info/ski-resort/camden-snow-bowl/,43.0,Camden,Maine,6.0,1.2,3.6,1.2,"{-69.13713665332952,44.21480709886363}",Maine,http://www.camdensnowbowl.com/
111,249,Snow Trails,https://www.skiresort.info/ski-resort/snow-trails/,52.0,Mansfield,Ohio,5.3,1.5,2.8,1.0,"{-82.50172101875,40.67106308125001}",Ohio,Unknown
112,250,Mt. Eyak,https://www.skiresort.info/ski-resort/mt-eyak/,30.0,Cordova,Alaska,5.0,1.0,2.0,2.0,"{-145.7413144808988,60.55140542528095}",Alaska,Unknown
113,254,Paoli Peaks,https://www.skiresort.info/ski-resort/paoli-peaks/,45.0,Paoli,Indiana,6.6,2.6,3.0,1.0,"{-86.5111181,38.55693147857143}",Unknown,http://www.paolipeaks.com/
114,255,Mad River Mountain,https://www.skiresort.info/ski-resort/mad-river-mountain/,49.0,Zanesfield,Ohio,6.3,3.0,2.0,1.3,"{-83.67607720526314,40.31613978157895}",Ohio,Unknown
115,258,Granite Gorge,https://www.skiresort.info/ski-resort/granite-gorge/,30.0,Keene,New Hampshire,6.0,3.0,2.0,1.0,"{-72.21227645874,42.970994351276985}",New Hampshire,
116,259,Bryce Resort,https://www.skiresort.info/ski-resort/bryce-resort/,Empty,Harrisonburg,Virginia,5.0,2.0,2.8,0.2,"{-78.76661840483877,38.81363279112901}",Virginia,http://www.bryceresort.com/Home.aspx
117,262,Pajarito Mountain,https://www.skiresort.info/ski-resort/pajarito-mountain/,49.0,Los Alamos,New Mexico,26.0,8.0,12.0,6.0,"{-106.39205836478088,35.89077152616687}",New Mexico,Unknown
118,263,Pajarito Mountain,https://www.skiresort.info/ski-resort/pajarito-mountain/,49.0,Los Alamos,New Mexico,26.0,8.0,12.0,6.0,"{-106.39027777777997,35.89416666666698}",New Mexico,Unknown
119,264,Mont Ripley,https://www.skiresort.info/ski-resort/mont-ripley/,52.0,Hancock,Michigan,6.9,2.0,2.2,2.7,"{-88.55979878571426,47.1300279}",Michigan,
120,269,Mt. Brighton,https://www.skiresort.info/ski-resort/mt-brighton/,59.0,Brighton,Michigan,6.2,1.0,3.5,1.7,"{-83.8089685705089,42.53943325248633}",Michigan,Unknown
121,274,Wilmot Mountain,https://www.skiresort.info/ski-resort/wilmot-mountain/,68.0,Wilmot,Wisconsin,4.0,1.4,1.6,1.0,"{-88.19061113611112,42.497832860185184}",Wisconsin,Unknown
122,275,Moose Mountain,https://www.skiresort.info/ski-resort/moose-mountain/,40.0,Fairbanks,Alaska,25.0,3.0,12.0,10.0,"{-147.97399520873995,64.944268838489}",Alaska,http://www.shredthemoose.com
123,276,Moose Mountain,https://www.skiresort.info/ski-resort/moose-mountain/,40.0,Fairbanks,Alaska,25.0,3.0,12.0,10.0,"{-71.07935428619398,43.539091555952986}",New Hampshire,
124,282,Snow Creek,https://www.skiresort.info/ski-resort/snow-creek/,47.0,Weston,Missouri,3.2,1.3,1.8,0.1,"{-94.96950136046512,39.465580605813955}",Missouri,Unknown
125,283,Snow Creek,https://www.skiresort.info/ski-resort/snow-creek/,47.0,Weston,Missouri,3.2,1.3,1.8,0.1,"{-94.968631267548,39.465238458164}",Missouri,http://skisnowcreek.com/
126,286,Powder Ridge,https://www.skiresort.info/ski-resort/powder-ridge/,48.0,Kimball,Minnesota,4.0,2.0,1.5,0.5,"{-94.30815931999997,45.34353101}",Minnesota,Unknown
127,288,Lost Valley,https://www.skiresort.info/ski-resort/lost-valley/,55.0,Auburn,Maine,2.0,1.0,0.5,0.5,"{-88.22683453559897,42.435073793684}",Illinois,
128,292,Dartmouth Skiway,https://www.skiresort.info/ski-resort/dartmouth-skiway/,50.0,Hanover,New Hampshire,16.0,4.0,8.0,4.0,"{-72.09867614047621,43.78537507619051}",New Hampshire,
129,296,Little Switzerland,https://www.skiresort.info/ski-resort/little-switzerland/,46.0,Slinger,Wisconsin,3.0,1.1,1.3,0.6,"{-88.27628304462806,43.336892179338804}",Wisconsin,http://www.littleswitz.com/
130,299,Otis Ridge,https://www.skiresort.info/ski-resort/otis-ridge/,40.0,Otis,Massachusetts,3.7,1.2,1.5,1.0,"{-73.10082380724637,42.195345504347834}",Massachusetts,http://www.otisridge.com/
131,300,Turner Mountain,https://www.skiresort.info/ski-resort/turner-mountain/,38.0,Libby,Montana,13.8,2.1,5.5,6.2,"{-115.64185039407413,48.60610632333338}",Montana,Unknown
132,301,Turner Mountain,https://www.skiresort.info/ski-resort/turner-mountain/,38.0,Libby,Montana,13.8,2.1,5.5,6.2,"{-115.63055555556,48.60500000000001}",Montana,Unknown
133,305,Blue Mountain,https://www.skiresort.info/ski-resort/blue-mountain/,65.0,Allentown,Pennsylvania,18.0,10.0,6.0,2.0,"{-109.43329095840002,37.86220832212802}",Utah,
134,314,Elk Mountain,https://www.skiresort.info/ski-resort/elk-mountain/,69.0,Scranton,Pennsylvania,15.0,3.0,8.0,4.0,"{-75.55880888275195,41.719461278101}",Unknown,http://www.elkskier.com/
135,317,Campton Mountain,https://www.skiresort.info/ski-resort/campton-mountain/,22.0,Campton,New Hampshire,1.3,0.6,0.5,0.2,"{-71.6102209983051,43.866020166101684}",New Hampshire,
136,321,Tenney Mountain,https://www.skiresort.info/ski-resort/tenney-mountain/,59.0,Plymouth,New Hampshire,15.0,3.0,8.0,4.0,"{-71.77321649500865,43.74416146609295}",New Hampshire,https://www.skitenney.com/
137,325,Detroit Mountain,https://www.skiresort.info/ski-resort/detroit-mountain/,42.0,Detroit Lakes,Minnesota,2.0,1.0,1.0,0.0,"{-95.78370699655169,46.815797613793066}",Unknown,http://detroitmountain.com/
138,326,Campgaw Mountain,https://www.skiresort.info/ski-resort/campgaw-mountain/,45.0,Mahwah,New Jersey,1.3,1.0,0.3,0.0,"{-74.19803506909093,41.05909266363637}",New Jersey,
139,327,Bluewood,https://www.skiresort.info/ski-resort/bluewood/,47.0,Lewiston,Washington State,11.0,3.0,5.0,3.0,"{-117.85174055504885,46.07627503094465}",Washington,http://www.bluewood.com
140,328,Hermon Mountain,https://www.skiresort.info/ski-resort/hermon-mountain/,Empty,Bangor,Maine,3.0,2.0,0.5,0.5,"{-68.96092785,44.779837520270284}",Maine,http://skihermonmountain.com/
141,332,Buffalo Ski Club,https://www.skiresort.info/ski-resort/buffalo-ski-club/,50.0,Buffalo,Greater Niagara,11.0,5.0,4.0,2.0,"{-78.69650335984251,42.67741468976379}",New York,http://www.bscskiarea.com/
142,336,Buck Hill Ski Area,https://www.skiresort.info/ski-resort/buck-hill-ski-area/,47.0,Minneapolis,Minnesota,2.2,1.2,0.8,0.2,"{-93.28607858333334,44.72353900694445}",Minnesota,http://www.buckhill.com
143,347,Snow Ridge,https://www.skiresort.info/ski-resort/snow-ridge/,48.0,Turin,The Adirondacks,10.0,2.0,3.0,5.0,"{-75.42399216532263,43.63995438951613}",New York,https://snowridge.com
144,353,Bottineau Winter Park,https://www.skiresort.info/ski-resort/bottineau-winter-park/,38.0,Bottineau,North Dakota,1.2,0.5,0.5,0.2,"{-100.47208901666664,48.95046483333332}",North Dakota,Unknown
145,357,Toggenburg Ski Center,https://www.skiresort.info/ski-resort/toggenburg-ski-center/,55.0,Fabius,Finger Lakes,8.3,3.2,2.0,3.1,"{-75.96406459808303,42.825813105661}",Unknown,Unknown
146,360,Sapphire Valley,https://www.skiresort.info/ski-resort/sapphire-valley/,40.0,Cashiers,North Carolina,0.5,0.5,0.0,0.0,"{-83.05954435000001,35.123079400000016}",North Carolina,http://www.sapphirevalley.com/Sapphire_Ski_Area.php
147,362,Silverton Mountain,https://www.skiresort.info/ski-resort/silverton-mountain/,79.0,Silverton,Colorado,Empty,Empty,Empty,Empty,"{-107.66235078407203,37.87771468824395}",Unknown,http://www.silvertonmountain.com/page/home
148,363,Utah Olympic Park,https://www.skiresort.info/ski-resort/utah-olympic-park/,Empty,Park City,Salt Lake City,0.2,0.0,0.2,0.0,"{-111.56169891357,40.711613713034}",Utah,
149,364,Beartooth Basin,https://www.skiresort.info/ski-resort/beartooth-basin/,45.0,Red Lodge,Wyoming,5.0,0.0,2.0,3.0,"{-109.43423166666668,44.97692924444445}",Wyoming,http://beartoothbasin.com/
150,367,Titcomb Mountain,https://www.skiresort.info/ski-resort/titcomb-mountain/,24.0,Farmington,Maine,4.4,1.0,1.1,2.3,"{-70.17083333333296,44.65}",Maine,http://www.titcombmountain.com/
151,368,Navarino Hills,https://www.skiresort.info/ski-resort/navarino-hills/,27.0,Navarino,Wisconsin,0.8,0.5,0.3,0.0,"{-88.58511180666667,44.60909851333334}",Wisconsin,http://www.skinavarino.com/
152,375,Ferguson Ridge,https://www.skiresort.info/ski-resort/ferguson-ridge/,20.0,Enterprise,Oregon,5.0,2.0,2.0,1.0,"{-117.11388405985407,45.27828934890511}",Unknown,https://www.skifergi.com/
153,376,Hurricane Ridge,https://www.skiresort.info/ski-resort/hurricane-ridge/,40.0,Port Angeles,Washington State,5.0,2.0,2.0,1.0,"{-123.48774433136,47.978288116665}",Washington,http://hurricaneridge.com/
154,378,Perfect North Slopes,https://www.skiresort.info/ski-resort/perfect-north-slopes/,Empty,Empty,Indiana,5.0,3.0,1.0,1.0,"{-84.8874105257576,39.145135768181824}",Indiana,http://www.perfectnorth.com/
155,380,Coppervale,https://www.skiresort.info/ski-resort/coppervale/,Empty,Susanville,California,3.0,1.0,2.0,0.0,"{-120.90422987938005,40.34550564642201}",California,http://www.lassencollege.edu/about-us/about-the-area/coppervale
156,384,Mulligan's Hollow Ski Bowl,https://www.skiresort.info/ski-resort/mulligans-hollow-ski-bowl/,20.0,Grand Haven,Michigan,3.0,1.0,1.0,1.0,"{-86.23943,43.058405}",Michigan,Unknown
157,390,Tussey Mountain,https://www.skiresort.info/ski-resort/tussey-mountain/,52.0,Boalsburg,Pennsylvania,3.0,1.5,1.2,0.3,"{-77.75106646285715,40.768016595714286}",Pennsylvania,
158,393,Thunder Ridge,https://www.skiresort.info/ski-resort/thunder-ridge/,57.0,Patterson,Hudson Valley,4.2,1.8,1.0,1.4,"{-73.58026926446281,41.50821283057852}",New York,Unknown
159,396,Huff Hills,https://www.skiresort.info/ski-resort/huff-hills/,35.0,Mandan,North Dakota,3.0,1.8,0.8,0.4,"{-100.72351455687998,46.626880075318994}",North Dakota,Unknown
160,401,Lyndon Outing Club,https://www.skiresort.info/ski-resort/lyndon-outing-club/,15.0,Lyndon,Vermont,2.6,1.5,1.0,0.1,"{-71.98516325000003,44.53284238750001}",Vermont,http://www.skilyndon.com/
161,402,Andes Tower Hills,https://www.skiresort.info/ski-resort/andes-tower-hills/,45.0,Alexandria,Minnesota,4.0,2.2,1.6,0.2,"{-95.6314374785965,45.84927221789472}",Minnesota,https://www.andestowerhills.com/
162,403,Andes Tower Hills,https://www.skiresort.info/ski-resort/andes-tower-hills/,45.0,Alexandria,Minnesota,4.0,2.2,1.6,0.2,"{-95.632209777832,45.849608274802}",Minnesota,Unknown
163,406,Lake City Ski Hill,https://www.skiresort.info/ski-resort/lake-city-ski-hill/,15.0,Lake City,Colorado,1.0,0.7,0.3,0.0,"{-107.31389510625004,38.01028195089283}",Colorado,http://www.townoflakecity.co/lake-city-ski-hill.html
164,411,Boston Mills,https://www.skiresort.info/ski-resort/boston-mills/,44.0,Cleveland,Ohio,1.5,0.5,0.5,0.5,"{-81.56651914833334,41.263650721666664}",Ohio,Unknown
165,412,Cannonsburg Ski Area,https://www.skiresort.info/ski-resort/cannonsburg-ski-area/,39.0,Grand Rapids,Michigan,2.0,0.5,1.0,0.5,"{-85.50341019375001,43.05230765}",Michigan,Unknown
166,415,Camp 10,https://www.skiresort.info/ski-resort/camp-10/,34.0,Rhinelander,Wisconsin,1.5,0.3,0.7,0.5,"{-89.50438200737102,45.54930129669953}",Wisconsin,http://www.camp10skiandsnowboard.com/
167,421,Brandywine,https://www.skiresort.info/ski-resort/brandywine/,44.0,Cleveland,Ohio,2.0,1.0,0.7,0.3,"{-81.55419032792791,41.283702590090094}",Unknown,http://www.bmbw.com/
168,422,Beartown,https://www.skiresort.info/ski-resort/beartown/,22.0,West Chazy,The Adirondacks,0.8,0.5,0.3,0.0,"{-73.26925684127804,42.271293075956}",Massachusetts,https://www.newenglandskihistory.com/Massachusetts/beartownmtn.php
169,427,Indian Lake,https://www.skiresort.info/ski-resort/indian-lake/,Empty,Indian Lake,The Adirondacks,0.9,0.6,0.3,0.0,"{-74.265475273132,43.774099730543}",New York,http://www.adirondackexperience.com/indian-lake/winter
170,428,Maple Ski Ridge,https://www.skiresort.info/ski-resort/maple-ski-ridge/,Empty,Rotterdam,Capital-Saratoga Region,1.4,0.3,0.8,0.3,"{-74.03383902499999,42.817009899999995}",New York,http://winter.mapleskiridge.com/
171,434,Little Ski Hill,https://www.skiresort.info/ski-resort/little-ski-hill/,15.0,McCall,Idaho,1.4,1.4,0.0,0.0,"{-116.16155690312502,44.92865192500002}",Idaho,http://www.littleskihill.org/
172,436,Mt. Pisgah,https://www.skiresort.info/ski-resort/mt-pisgah/,25.0,Saranac Lake,The Adirondacks,1.0,1.0,0.0,0.0,"{-74.12602636002842,44.3441499470103}",New York,Unknown
173,437,Missaukee Mountain,https://www.skiresort.info/ski-resort/missaukee-mountain/,Empty,Empty,Michigan,1.3,0.7,0.5,0.1,"{-85.22791600000002,44.392296}",Unknown,
174,439,Plumas Eureka Ski Bowl,https://www.skiresort.info/ski-resort/plumas-eureka-ski-bowl/,Empty,Johnsville,California,1.3,1.0,0.2,0.1,"{-120.70009231566996,39.76630876289701}",California,http://www.plumasskiclub.org/
175,442,Brantling Ski Slopes,https://www.skiresort.info/ski-resort/brantling-ski-slopes/,32.0,Rochester,Finger Lakes,1.0,0.7,0.3,0.0,"{-77.06694364166668,43.15012153333333}",New York,
176,446,Kettlebowl,https://www.skiresort.info/ski-resort/kettlebowl/,5.0,Bryant,Wisconsin,1.4,0.3,1.1,0.0,"{-88.90007972717302,45.271805974525016}",Wisconsin,http://www.langladecounty.org/
177,447,Hanson Hills,https://www.skiresort.info/ski-resort/hanson-hills/,25.0,Grayling,Michigan,1.0,0.8,0.2,0.0,"{-84.75325584411603,44.645452487688}",Unknown,
178,450,Meany Lodge,https://www.skiresort.info/ski-resort/meany-lodge/,Empty,Easton,Washington State,2.0,1.0,1.0,0.0,"{-121.31961194999998,47.277973349999996}",Washington,https://www.mountaineers.org/locations-lodges/meany-lodge
179,451,Sahalie Ski Club,https://www.skiresort.info/ski-resort/sahalie-ski-club/,Empty,North Bend,Washington State,1.5,1.0,0.5,0.0,"{-121.41594130000003,47.4317492}",Washington,http://www.sahalie.org/chair2/Home.aspx
180,453,Snow Hill at Eastman,https://www.skiresort.info/ski-resort/snow-hill-at-eastman/,Empty,Newport,New Hampshire,1.0,0.5,0.5,0.0,"{-72.11921415529802,43.51426772709697}",New Hampshire,https://www.newenglandskihistory.com/NewHampshire/eastman.php
181,459,Powers Bluff,https://www.skiresort.info/ski-resort/powers-bluff/,10.0,Arpin,Wisconsin,1.0,1.0,0.0,0.0,"{-90.071754455566,44.52977023693103}",Unknown,http://www.co.wood.wi.us/departments/parks/PowersBluff.aspx
182,460,Boyce Park,https://www.skiresort.info/ski-resort/boyce-park/,28.0,Pittsburgh,Pennsylvania,1.0,1.0,0.0,0.0,"{-79.74682006835903,40.46148271794599}",Pennsylvania,Unknown
183,463,Leavenworth Ski Hill,https://www.skiresort.info/ski-resort/leavenworth-ski-hill/,19.0,Leavenworth,Washington State,1.0,1.0,0.0,0.0,"{-120.66244602240437,47.61485825218581}",Washington,http://www.skileavenworth.com/
184,465,Big Creek Ski Area,https://www.skiresort.info/ski-resort/big-creek-ski-area/,Empty,Cleveland,Ohio,1.0,1.0,0.0,0.0,"{-81.18446924999998,41.64769290000001}",Ohio,http://www.bigcreekski.org/
185,466,Standing Rocks,https://www.skiresort.info/ski-resort/standing-rocks/,16.0,Stevens Point,Wisconsin,0.9,0.9,0.0,0.0,"{-89.398519992828,44.433550014618}",Unknown,
186,468,Cloudmont Ski Resort,https://www.skiresort.info/ski-resort/cloudmont-ski-resort/,40.0,Fort Payne,Alabama,0.6,0.6,0.0,0.0,"{-85.60370922088597,34.538078445713}",Alabama,http://www.cloudmont.com
187,470,Gladstone Sports Park,https://www.skiresort.info/ski-resort/gladstone-sports-park/,Empty,Gladstone,Michigan,0.5,0.4,0.1,0.0,"{-87.037056,45.860469}",Michigan,
188,471,Al Quaal,https://www.skiresort.info/ski-resort/al-quaal/,Empty,Ishpeming,Michigan,0.4,0.2,0.2,0.0,"{-87.65752927661873,46.520219006834544}",Michigan,https://www.facebook.com/Al-Quaal-Recreation-Area-191534547703366/
189,478,Rocking Horse Ranch,https://www.skiresort.info/ski-resort/rocking-horse-ranch/,Empty,Highland,The Catskills,0.3,0.3,0.0,0.0,"{-74.016544818878,41.69111689798502}",New York,http://www.rockinghorseranch.com/
190,482,Cottonwood Butte,https://www.skiresort.info/ski-resort/cottonwood-butte/,20.0,Cottonwood,Idaho,Empty,Empty,Empty,Empty,"{-116.45814686759257,46.07319001759257}",Unknown,Unknown
191,492,Sky Tavern,https://www.skiresort.info/ski-resort/sky-tavern/,Empty,Reno,Nevada,Empty,Empty,Empty,Empty,"{-119.87611220786307,39.33581232366823}",Nevada,http://www.skytavern.com/
192,494,Stover Mountain,https://www.skiresort.info/ski-resort/stover-mountain/,Empty,Empty,California,Empty,Empty,Empty,Empty,"{-121.2882900238,40.290836423858}",California,
193,509,Mott Mountain,https://www.skiresort.info/ski-resort/mott-mountain/,Empty,Empty,info@skiresort-service.com,Empty,Empty,Empty,Empty,"{-84.87504959106397,43.816445340635}",Michigan,
194,517,Riverside Hills,https://www.skiresort.info/ski-resort/riverside-hills/,Empty,Empty,info@skiresort-service.com,Empty,Empty,Empty,Empty,"{-94.83505725860597,43.386742882456}",Unknown,
195,528,Lynx Creek,https://www.skiresort.info/ski-resort/lynx-creek/,Empty,Empty,info@skiresort-service.com,Empty,Empty,Empty,Empty,"{-71.68203592300397,43.745056913683}",New Hampshire,
196,2,Beaver Creek,https://www.skiresort.info/ski-resort/beaver-creek/,218.0,Beaver Creek Village,Colorado,150.0,28.5,64.5,57.0,"{-106.52729692254513,39.60096311338622}",Colorado,https://www.beavercreek.com/
197,5,Breckenridge,https://www.skiresort.info/ski-resort/breckenridge/,199.0,Breckenridge,Colorado,153.0,28.0,60.0,65.0,"{-106.07217268296456,39.47943683030709}",Unknown,https://www.breckenridge.com/
198,6,Keystone,https://www.skiresort.info/ski-resort/keystone/,176.0,Keystone,Colorado,135.0,25.0,65.0,45.0,"{-105.94373624301163,39.5795274409183}",Colorado,http://www.keystone.snow.com
199,8,Sunday River,https://www.skiresort.info/ski-resort/sunday-river/,119.0,Sunday River,Maine,84.8,25.5,30.5,28.8,"{-70.87449951669444,44.46668755258752}",Unknown,http://www.sundayriver.com/
200,9,Heavenly,https://www.skiresort.info/ski-resort/heavenly/,164.0,Heavenly Village,Lake Tahoe,94.0,18.0,42.0,34.0,"{-119.9083964094098,38.93349265394141}",California,http://www.skiheavenly.com
201,11,Stowe,https://www.skiresort.info/ski-resort/stowe/,149.0,Stowe,Vermont,70.0,20.0,42.0,8.0,"{-72.79123586304671,44.52885560167071}",Vermont,http://www.stowe.com
202,13,Steamboat,https://www.skiresort.info/ski-resort/steamboat/,199.0,Steamboat Springs,Colorado,165.0,25.0,95.0,45.0,"{-106.76636497852809,40.45451113038965}",Colorado,http://www.steamboat.com
203,14,Park City,https://www.skiresort.info/ski-resort/park-city/,133.0,Park City,Salt Lake City,250.0,27.0,152.0,71.0,"{-111.58428840724156,40.75278143097761}",Utah,http://www.gorgoza.com/
204,17,Copper Mountain,https://www.skiresort.info/ski-resort/copper-mountain/,189.0,Frisco,Colorado,126.0,30.0,40.0,56.0,"{-106.1627266609402,39.4819996644225}",Colorado,http://www.coppercolorado.com
205,19,Alta,https://www.skiresort.info/ski-resort/alta/,125.0,Alta,Empty,116.0,29.0,46.4,40.6,"{-111.64165270096264,40.57287241555906}",Utah,http://www.alta.com/
206,189,Jiminy Peak,https://www.skiresort.info/ski-resort/jiminy-peak/,91.0,Hancock,Massachusetts,9.1,4.1,2.0,3.0,"{-73.29,42.55}",Massachusetts,http://www.jiminypeak.com
207,245,McCauly Mountain,https://www.skiresort.info/ski-resort/mccauly-mountain/,30.0,Old Forge,Central New York,9.0,3.0,4.0,2.0,,,
208,21,Jackson Hole,https://www.skiresort.info/ski-resort/jackson-hole/,182.0,Teton Village,Wyoming,116.0,16.0,50.0,50.0,"{-110.84491271816817,43.596422483083124}",Wyoming,http://www.jacksonhole.com
209,22,Deer Valley,https://www.skiresort.info/ski-resort/deer-valley/,Empty,Park City, read more,103.0,28.0,42.0,33.0,"{-111.5316187527376,40.64570649461107}",Utah,Unknown
210,23,Crested Butte,https://www.skiresort.info/ski-resort/crested-butte/,151.0,Mount Crested Butte,Colorado,121.0,31.4,69.0,20.6,"{-106.94692692948485,38.89910428647435}",Colorado,http://www.skicb.com/
211,25,Whiteface – Lake Placid,https://www.skiresort.info/ski-resort/whiteface-lake-placid/,115.0,Lake Placid,The Adirondacks,37.0,12.8,15.9,8.3,,,
212,27,Northstar California Resort,https://www.skiresort.info/ski-resort/northstar-california-resort/,170.0,Truckee,Lake Tahoe,97.0,25.0,45.0,27.0,,,
213,192,Mt. Kato,https://www.skiresort.info/ski-resort/mt-kato/,46.0,Mankato,Minnesota,12.0,2.5,4.5,5.0,,,
214,333,Mount Ski Gull,https://www.skiresort.info/ski-resort/mount-ski-gull/,39.99,Nisswa,Minnesota,2.1,0.7,0.7,0.7,,,
215,29,Snowbird,https://www.skiresort.info/ski-resort/snowbird/,165.0,Snowbird,Salt Lake City,103.0,27.0,38.0,38.0,"{-111.64165270096264,40.57287241555906}",Utah,http://www.snowbird.com
216,30,Bald Mountain – Sun Valley,https://www.skiresort.info/ski-resort/bald-mountain-sun-valley/,165.0,Empty,Idaho,92.0,35.0,40.0,17.0,,,
217,33,Mt. Hood Meadows,https://www.skiresort.info/ski-resort/mt-hood-meadows/,129.0,Government Camp,Oregon,90.0,13.5,45.0,31.5,"{-121.66612801821512,45.33712994132024}",Unknown,Unknown
218,34,Stratton,https://www.skiresort.info/ski-resort/stratton/,125.0,Stratton,Vermont,92.0,60.0,20.0,12.0,"{-72.91191698867614,43.10272665942972}",Vermont,https://www.stratton.com/
219,35,Wenatchee – Mission Ridge,https://www.skiresort.info/ski-resort/wenatchee-mission-ridge/,74.0,Wenatchee,Washington State,100.0,10.0,60.0,30.0,,,
220,36,Taos,https://www.skiresort.info/ski-resort/taos/,128.0,Taos Ski Valley,New Mexico,113.0,27.0,28.0,58.0,"{-105.4514106105991,36.58166520998463}",New Mexico,Unknown
221,37,Mt. Rose,https://www.skiresort.info/ski-resort/mt-rose/,145.0,Reno,Lake Tahoe,100.0,20.0,30.0,50.0,"{-119.88550536113685,39.318554195391755}",Nevada,http://www.mtrose.com/
222,39,Sugar Bowl,https://www.skiresort.info/ski-resort/sugar-bowl/,125.0,Truckee,Lake Tahoe,90.0,15.3,40.5,34.2,"{-120.33802519237238,39.31279691945384}",Unknown,http://www.sugarbowl.com/
223,41,Angel Fire,https://www.skiresort.info/ski-resort/angel-fire/,79.0,Angel Fire,New Mexico,75.0,40.0,28.0,7.0,"{-105.24305690678888,36.37886752625241}",Unknown,Unknown
224,42,Wolf Creek,https://www.skiresort.info/ski-resort/wolf-creek/,80.0,Pagosa Springs,Colorado,100.0,20.0,35.0,45.0,"{-106.79302348800682,37.46692042888512}",Colorado,http://www.wolfcreekski.com/
225,43,Sugarbush,https://www.skiresort.info/ski-resort/sugarbush/,119.0,Warren,Vermont,85.0,17.0,38.0,30.0,"{-72.91347789907472,44.1478258786194}",Vermont,https://www.sugarbush.com/
226,44,Purgatory – Durango,https://www.skiresort.info/ski-resort/purgatory-durango/,89.0,Durango,Colorado,85.0,15.0,40.0,30.0,,,
227,46,Brighton,https://www.skiresort.info/ski-resort/brighton/,97.0,Sandy,Salt Lake City,66.0,10.0,18.0,38.0,"{-83.8089685705089,42.53943325248633}",Michigan,Unknown
228,47,Okemo,https://www.skiresort.info/ski-resort/okemo/,119.0,Ludlow,Vermont,70.0,22.0,26.0,22.0,"{-72.73603471698974,43.409662608785496}",Vermont,http://okemo.com
229,48,Mt. Baker,https://www.skiresort.info/ski-resort/mt-baker/,68.58,Glacier,Washington State,100.0,24.0,45.0,31.0,"{-121.67285063649275,48.85743993635361}",Washington,http://www.mtbaker.us
230,49,Bolton Valley,https://www.skiresort.info/ski-resort/bolton-valley/,84.0,Burlington,Vermont,30.0,15.0,10.0,5.0,"{-72.869722222222,44.415833333333}",Vermont,http://www.boltonvalley.com
231,51,Solitude,https://www.skiresort.info/ski-resort/solitude/,125.0,Salt Lake City,Salt Lake City,64.0,20.0,30.0,14.0,"{-111.60319525402839,40.61436613106308}",Utah,https://solitudemountain.com/
232,52,Brian Head,https://www.skiresort.info/ski-resort/brian-head/,59.0,Parowan,Utah,71.0,22.0,24.0,25.0,"{-112.8454088837208,37.689822847596886}",Utah,https://www.brianhead.com/
233,53,Bear Valley,https://www.skiresort.info/ski-resort/bear-valley/,99.0,Bear Valley,California,67.0,17.0,27.0,23.0,"{-120.04519286276664,38.45154824983421}",Unknown,Unknown
234,54,Alyeska Resort – Girdwood,https://www.skiresort.info/ski-resort/alyeska-resort-girdwood/,89.0,Anchorage,Alaska,62.0,14.0,31.0,17.0,,,
235,58,Smugglers' Notch,https://www.skiresort.info/ski-resort/smugglers-notch/,90.0,Jeffersonville,Vermont,78.0,13.0,41.0,24.0,"{-72.76889400253488,44.568516571039304}",Vermont,http://www.smuggs.com/
236,59,Bridger Bowl – Bozeman,https://www.skiresort.info/ski-resort/bridger-bowl-bozeman/,63.0,Bozeman,Montana,71.0,20.0,26.0,25.0,,,
237,64,Crystal Mountain (WA),https://www.skiresort.info/ski-resort/crystal-mountain-wa/,149.0,Enumclaw,Washington State,50.0,8.0,27.0,15.0,,,
238,69,Apache,https://www.skiresort.info/ski-resort/apache/,74.0,Ruidoso,New Mexico,55.0,12.0,18.0,25.0,"{-105.80167005041056,33.39417520853858}",New Mexico,Unknown
239,74,Mt. Hood Skibowl,https://www.skiresort.info/ski-resort/mt-hood-skibowl/,59.0,Government Camp,Oregon,65.0,15.0,15.0,35.0,,,
240,75,Grand Targhee,https://www.skiresort.info/ski-resort/grand-targhee/,110.0,Driggs,Wyoming,35.0,5.0,15.0,15.0,"{-110.94662270192302,43.78787827248522}",Wyoming,
241,76,Holiday Valley,https://www.skiresort.info/ski-resort/holiday-valley/,85.0,Ellicottville,Chautauqua-Allegheny,48.0,16.0,13.0,19.0,"{-78.67717596831679,42.258297948019866}",Unknown,http://www.holidayvalley.com/
242,77,Stevens Pass,https://www.skiresort.info/ski-resort/stevens-pass/,100.0,Skykomish,Washington State,39.0,6.0,18.0,15.0,"{-121.088114145223,47.73581342707143}",Washington,http://www.stevenspass.com
243,80,Eldora Mountain,https://www.skiresort.info/ski-resort/eldora-mountain/,129.0,Nederland,Colorado,52.0,11.0,26.0,15.0,"{-105.58613552637362,39.93538780174528}",Colorado,http://www.eldora.com/
244,83,White Pass,https://www.skiresort.info/ski-resort/white-pass/,69.0,Naches,Washington State,30.0,10.0,12.0,8.0,"{-121.39544592317077,46.62228122195126}",Washington,http://www.skiwhitepass.com
245,85,Powderhorn,https://www.skiresort.info/ski-resort/powderhorn/,79.0,Mesa,Colorado,38.0,5.0,15.0,18.0,"{-90.05136999999999,46.48117}",Michigan,https://bigpowderhorn.net/
246,86,Gunstock,https://www.skiresort.info/ski-resort/gunstock/,92.0,Gilford,New Hampshire,40.0,5.0,25.0,10.0,"{-71.36976242065397,43.53734939718901}",New Hampshire,Unknown
247,88,China Peak,https://www.skiresort.info/ski-resort/china-peak/,104.0,Clovis,California,50.0,20.0,17.0,13.0,"{-119.15626061153081,37.22744420103841}",Unknown,http://www.skichinapeak.com/
248,92,Great Divide,https://www.skiresort.info/ski-resort/great-divide/,48.0,Marysville,Montana,50.0,10.0,20.0,20.0,"{-112.32165109333332,46.75408026666666}",Montana,Unknown
249,93,Dodge Ridge,https://www.skiresort.info/ski-resort/dodge-ridge/,78.0,Sonora,California,50.0,10.0,20.0,20.0,"{-119.93890563773091,38.18980313637507}",Unknown,http://www.dodgeridge.com
250,95,Attitash Mountain Resort,https://www.skiresort.info/ski-resort/attitash-mountain-resort/,94.0,North Conway,New Hampshire,37.0,7.4,17.4,12.2,,,
251,96,Mt. Sunapee,https://www.skiresort.info/ski-resort/mt-sunapee/,99.0,Newbury,New Hampshire,30.0,8.0,16.0,6.0,,,
252,99,Brundage Mountain,https://www.skiresort.info/ski-resort/brundage-mountain/,70.0,McCall,Idaho,30.0,6.0,15.0,9.0,"{-116.14683704694907,45.00108438941474}",Idaho,http://www.brundage.com/
253,100,Bear Mountain – Big Bear Lake,https://www.skiresort.info/ski-resort/bear-mountain-big-bear-lake/,Empty,Big Bear Lake,California,27.2,8.0,11.2,8.0,,,
254,101,Terry Peak,https://www.skiresort.info/ski-resort/terry-peak/,58.0,Lead,South Dakota,16.0,4.7,7.2,4.1,"{-103.83642406494697,44.33181268430427}",South Dakota,Unknown
255,105,Saddleback,https://www.skiresort.info/ski-resort/saddleback/,79.0,Rangeley,Maine,22.0,4.0,8.0,10.0,"{-70.52156426703735,44.94143060879673}",Maine,Unknown
256,107,Beaver Mountain,https://www.skiresort.info/ski-resort/beaver-mountain/,50.0,Logan,Utah,30.0,10.0,12.0,8.0,"{-111.55054147536933,41.97054024359606}",Utah,
257,109,Santa Fé,https://www.skiresort.info/ski-resort/santa-fe/,80.0,Santa Fe,New Mexico,34.0,9.0,15.0,10.0,,,
258,111,Camelback,https://www.skiresort.info/ski-resort/camelback/,70.0,Stroudsburg,Pennsylvania,34.0,20.0,11.0,3.0,"{-75.306111111111,41.04}",Pennsylvania,
259,113,Willamette Pass – Crescent,https://www.skiresort.info/ski-resort/willamette-pass-crescent/,60.0,Crescent,Oregon,29.0,6.0,13.0,10.0,,,
260,114,Snow Summit – Big Bear Lake,https://www.skiresort.info/ski-resort/snow-summit-big-bear-lake/,Empty,Big Bear Lake,California,29.0,10.0,12.0,7.0,,,
261,117,Mountain Creek – Vernon,https://www.skiresort.info/ski-resort/mountain-creek-vernon/,79.99,Vernon Township,New Jersey,24.0,4.0,14.0,6.0,,,
262,119,Haystack Mountain – The Hermitage Club,https://www.skiresort.info/ski-resort/haystack-mountain-the-hermitage-club/,Empty,Wilmington,Vermont,19.3,5.6,9.5,4.2,,,
263,120,Monarch,https://www.skiresort.info/ski-resort/monarch/,89.0,Salida,Colorado,31.0,5.0,14.0,12.0,"{-106.33772332448976,38.510172882653066}",Colorado,http://www.skimonarch.com/
264,121,The Summit at Snoqualmie,https://www.skiresort.info/ski-resort/the-summit-at-snoqualmie/,95.0,North Bend,Washington State,27.9,5.2,13.7,9.0,"{-121.4153796528058,47.403174071297116}",Washington,http://www.summit-at-snoqualmie.com
265,122,Mt. Spokane,https://www.skiresort.info/ski-resort/mt-spokane/,62.0,Mead,Washington State,26.0,7.0,5.0,14.0,"{-117.10587111142866,47.925863954285724}",Washington,Unknown
266,123,Sandia Peak,https://www.skiresort.info/ski-resort/sandia-peak/,55.0,Sandia Park,New Mexico,31.0,8.0,20.0,3.0,"{-106.42290563861789,35.201394950813004}",Unknown,https://sandiapeak.com/
267,124,Bristol Mountain,https://www.skiresort.info/ski-resort/bristol-mountain/,79.0,Rochester,Finger Lakes,20.0,6.0,10.0,4.0,"{-77.41658982987425,42.74418943039829}",New York,http://www.bristolmountain.com/
268,128,Granby Ranch,https://www.skiresort.info/ski-resort/granby-ranch/,84.0,Empty,Colorado,20.0,6.0,10.0,4.0,"{-105.9015976170418,40.0407016815112}",Colorado,http://www.granbyranch.com/
269,129,Granite Peak at Rib Mountain State Park,https://www.skiresort.info/ski-resort/granite-peak-at-rib-mountain-state-park/,82.0,Wausau,Wisconsin,20.0,10.0,5.0,5.0,,,
270,337,Ward Hill – Shrewsbury,https://www.skiresort.info/ski-resort/ward-hill-shrewsbury/,55.0,Shrewsbury,Massachusetts,2.1,0.6,1.0,0.5,,,
271,133,Sugar Mountain,https://www.skiresort.info/ski-resort/sugar-mountain/,75.0,Sugar Mountain,North Carolina,14.0,4.0,7.0,3.0,"{-81.8679570158576,36.127328137216836}",North Carolina,http://skisugar.com/trailmap/
272,135,Maverick Mountain,https://www.skiresort.info/ski-resort/maverick-mountain/,39.0,Polaris,Montana,20.0,6.0,8.0,6.0,"{-113.13605127358498,45.43551559056605}",Montana,
273,137,Mountain High East,https://www.skiresort.info/ski-resort/mountain-high-east/,84.0,Wrightwood,California,11.0,2.0,5.0,4.0,,,
274,138,Boreal,https://www.skiresort.info/ski-resort/boreal/,Empty,Truckee,Lake Tahoe,20.0,6.0,11.0,3.0,"{-120.34815266830003,39.332836095471}",California,http://www.borealski.com
275,139,Mt. Baldy,https://www.skiresort.info/ski-resort/mt-baldy/,76.0,Mt Baldy,California,20.0,3.0,6.0,11.0,"{-117.61057395391066,34.27215829273743}",California,http://www.mtbaldy.com/
276,143,Sunlight Mountain,https://www.skiresort.info/ski-resort/sunlight-mountain/,65.0,Glenwood Springs,Colorado,20.0,4.0,11.0,5.0,"{-107.33890435249536,39.39283832107202}",Colorado,http://www.sunlightmtn.com
277,144,Pebble Creek,https://www.skiresort.info/ski-resort/pebble-creek/,47.0,Inkom,Idaho,19.0,6.0,9.0,4.0,"{-112.15117431326917,42.77364697749999}",Idaho,http://www.pebblecreekskiarea.com/
278,145,Cooper,https://www.skiresort.info/ski-resort/cooper/,56.0,Leadville,Colorado,26.0,8.0,10.0,8.0,"{-121.60668073181817,45.41047486363635}",Oregon,http://cooperspur.com/
279,146,Butternut,https://www.skiresort.info/ski-resort/butternut/,65.0,Great Barrington,Massachusetts,22.0,4.4,13.2,4.4,"{-73.31941806383767,42.1785311306273}",Massachusetts,http://www.skibutternut.com/
280,152,Deer Mountain  (temporarily closed),https://www.skiresort.info/ski-resort/deer-mountain/,Empty,Lead,South Dakota,22.0,10.0,7.0,5.0,,,
281,153,Red River,https://www.skiresort.info/ski-resort/red-river/,79.0,Red River,New Mexico,20.0,7.0,6.0,7.0,"{-105.40948951141195,36.69899202707934}",New Mexico,Unknown
282,155,Nordic Valley,https://www.skiresort.info/ski-resort/nordic-valley/,50.0,Eden,Utah,9.5,2.5,4.0,3.0,,,
283,157,Greek Peak,https://www.skiresort.info/ski-resort/greek-peak/,84.0,Virgil,Finger Lakes,19.0,9.0,4.0,6.0,"{-76.14354223593934,42.50049591948655}",Unknown,http://www.greekpeak.net/
284,158,Wintergreen Resort,https://www.skiresort.info/ski-resort/wintergreen-resort/,89.0,Wintergreen,Virginia,10.0,2.0,4.0,4.0,,,
285,159,Mountain High West,https://www.skiresort.info/ski-resort/mountain-high-west/,84.0,Wrightwood,California,15.0,3.0,5.0,7.0,,,
286,161,Bigrock Mountain,https://www.skiresort.info/ski-resort/bigrock-mountain/,40.0,Houlton,Maine,20.0,2.0,14.0,4.0,,,
287,164,Pine Creek,https://www.skiresort.info/ski-resort/pine-creek/,45.0,Cokeville,Wyoming,16.0,4.0,7.0,5.0,,,
288,165,Wisp – McHenry (Deep Creek Lake),https://www.skiresort.info/ski-resort/wisp-mchenry-deep-creek-lake/,89.0,McHenry,Maryland,16.0,5.6,6.1,4.3,,,
289,167,Skiland – Mt. Aurora,https://www.skiresort.info/ski-resort/skiland-mt-aurora/,40.0,Fairbanks,Alaska,17.0,4.0,9.0,4.0,,,
290,169,Alpental,https://www.skiresort.info/ski-resort/alpental/,95.0,North Bend,Washington State,9.6,0.5,2.3,6.8,"{-121.4153796528058,47.403174071297116}",Washington,http://www.summit-at-snoqualmie.com
291,170,Eaglecrest – Juneau,https://www.skiresort.info/ski-resort/eaglecrest-juneau/,59.0,Juneau,Alaska,17.0,3.4,6.8,6.8,,,
292,172,Plattekill,https://www.skiresort.info/ski-resort/plattekill/,67.0,Roxbury,The Catskills,16.5,4.5,6.0,6.0,"{-74.6564217654546,42.28893767624997}",New York,Unknown
293,175,Nub's Nob Ski Area,https://www.skiresort.info/ski-resort/nubs-nob-ski-area/,85.0,Harbor Springs,Michigan,18.9,6.2,9.0,3.7,,,
294,177,Giants Ridge,https://www.skiresort.info/ski-resort/giants-ridge/,58.0,Biwabik,Minnesota,12.0,4.0,5.0,3.0,"{-92.3088032138889,47.57527295833333}",Minnesota,http://www.giantsridge.com/
295,181,Catamount,https://www.skiresort.info/ski-resort/catamount/,69.0,Great Barrington,Hudson Valley,15.0,8.0,4.0,3.0,"{-73.4777811734655,42.16576338687451}",Massachusetts,http://www.catamountski.com/
296,182,Beech Mountain,https://www.skiresort.info/ski-resort/beech-mountain/,70.0,Banner Elk,North Carolina,14.0,3.0,7.0,4.0,"{-81.87944122252748,36.18885572912089}",North Carolina,https://www.beechmountainresort.com/
297,183,Sleeping Giant,https://www.skiresort.info/ski-resort/sleeping-giant/,46.0,Cody,Wyoming,17.0,3.0,8.0,6.0,"{-109.94332196438353,44.4901041844749}",Wyoming,http://www.skisg.com/
298,184,Dollar Mountain – Sun Valley,https://www.skiresort.info/ski-resort/dollar-mountain-sun-valley/,139.0,Empty,Idaho,9.0,7.0,2.0,0.0,,,
299,185,Whitetail,https://www.skiresort.info/ski-resort/whitetail/,79.0,Mercersburg,Pennsylvania,10.2,1.5,5.6,3.1,"{-77.9375329980583,39.74344575404529}",Pennsylvania,http://www.skiwhitetail.com/
300,186,Mt. Ashland,https://www.skiresort.info/ski-resort/mt-ashland/,52.0,Ashland,Oregon,13.0,1.0,7.0,5.0,"{-122.71666666667004,42.083333333333}",Oregon,Unknown
301,187,Shanty Creek Resorts – Schuss Mountain,https://www.skiresort.info/ski-resort/shanty-creek-resorts-schuss-mountain/,73.0,Bellaire,Michigan,12.0,5.0,4.0,3.0,,,
302,188,Kelly Canyon,https://www.skiresort.info/ski-resort/kelly-canyon/,42.0,Ririe,Idaho,12.0,4.0,5.0,3.0,"{-111.62505756484816,43.64144721415502}",Idaho,http://www.skikelly.com/
303,194,White Pine – Pinedale,https://www.skiresort.info/ski-resort/white-pine-pinedale/,49.0,Pinedale,Wyoming,11.6,3.7,2.6,5.3,,,
304,195,Caberfae Peaks,https://www.skiresort.info/ski-resort/caberfae-peaks/,59.0,Cadillac,Michigan,11.0,4.0,5.0,2.0,"{-85.71855500500003,44.24135108}",Michigan,
305,198,Snow King Mountain – Jackson,https://www.skiresort.info/ski-resort/snow-king-mountain-jackson/,59.0,Jackson,Wyoming,9.0,3.0,2.5,3.5,,,
306,199,Bear Creek Mountain Resort,https://www.skiresort.info/ski-resort/bear-creek-mountain-resort/,60.0,Allentown,Pennsylvania,10.0,3.0,4.0,3.0,"{-75.63017408235291,40.47496905588234}",Unknown,Unknown
307,201,Mt. Bohemia,https://www.skiresort.info/ski-resort/mt-bohemia/,68.0,Mohawk,Michigan,13.0,0.0,3.0,10.0,,,
308,202,Swain,https://www.skiresort.info/ski-resort/swain/,59.0,Swain,Chautauqua-Allegheny,10.9,3.0,4.2,3.7,"{-77.85512997053195,42.47366568578681}",New York,http://www.swain.com/
309,204,Teton Pass,https://www.skiresort.info/ski-resort/teton-pass/,50.0,Choteau,Montana,15.0,6.0,5.0,4.0,"{-112.80827191495028,47.92989583364664}",Montana,http://tetonpassresort.com/
310,205,Meadowlark Ski Lodge,https://www.skiresort.info/ski-resort/meadowlark-ski-lodge/,48.0,Ten Sleep,Wyoming,10.0,3.0,4.0,3.0,"{-107.2182806863014,44.16107941164382}",Wyoming,http://www.lodgesofthebighorns.com/meadowlark-ski-lodge-wyoming.php
311,206,Cooper Spur,https://www.skiresort.info/ski-resort/cooper-spur/,39.0,Hood River,Oregon,10.0,4.0,4.0,2.0,"{-121.60668073181817,45.41047486363635}",Oregon,http://cooperspur.com/
312,207,Oak Mountain,https://www.skiresort.info/ski-resort/oak-mountain/,40.0,Speculator,The Adirondacks,12.0,6.0,4.0,2.0,"{-74.3614293537445,43.51919821894274}",New York,http://oakmountainski.com/oak/
313,208,Montage Mountain Resort,https://www.skiresort.info/ski-resort/montage-mountain-resort/,67.0,Scranton,Pennsylvania,9.5,2.0,4.0,3.5,,,
314,209,Whaleback,https://www.skiresort.info/ski-resort/whaleback/,45.0,Enfield,New Hampshire,11.5,5.2,2.8,3.5,"{-72.1824928619863,43.59772016917813}",New Hampshire,http://www.whaleback.com/
315,212,West Mountain,https://www.skiresort.info/ski-resort/west-mountain/,79.0,Glens Falls,The Adirondacks,9.7,5.9,2.1,1.7,"{-73.73496107072074,43.287407349099105}",New York,Unknown
316,213,Spout Springs  (temporarily closed),https://www.skiresort.info/ski-resort/spout-springs/,35.0,Weston,Oregon,9.5,3.0,5.0,1.5,,,
317,214,Pine Mountain,https://www.skiresort.info/ski-resort/pine-mountain/,45.0,Iron Mountain,Michigan,9.5,2.5,5.5,1.5,"{-88.08703138825119,45.83649435507556}",Michigan,Unknown
318,219,Otsego – Gaylord,https://www.skiresort.info/ski-resort/otsego-gaylord/,65.0,Gaylord,Michigan,7.0,3.0,2.0,2.0,,,
319,223,Big Bear at Masthope Mountain,https://www.skiresort.info/ski-resort/big-bear-at-masthope-mountain/,64.0,Scranton,Pennsylvania,7.0,3.0,2.0,2.0,,,
320,224,Bousquet,https://www.skiresort.info/ski-resort/bousquet/,47.0,Pittsfield,Massachusetts,8.0,3.0,2.0,3.0,"{-73.28002634019606,42.41510051568628}",Unknown,Unknown
321,225,Alpine Mountain Ski & Snow Tubing Center  (temporarily closed),https://www.skiresort.info/ski-resort/alpine-mountain-ski-snow-tubing-center/,55.0,Henryville,Pennsylvania,8.0,2.0,4.0,2.0,,,
322,227,Badger Pass,https://www.skiresort.info/ski-resort/badger-pass/,62.0,Mariposa,California,10.0,3.5,5.0,1.5,"{-119.6623595935484,37.65917849274195}",California,http://www.travelyosemite.com/winter/yosemite-ski-snowboard-area/
323,228,Afton Alps,https://www.skiresort.info/ski-resort/afton-alps/,58.0,Hastings,Minnesota,8.0,3.0,3.0,2.0,"{-92.78564939420292,44.85349354336668}",Unknown,http://www.aftonalps.com/
324,229,Massanutten,https://www.skiresort.info/ski-resort/massanutten/,77.0,Massanutten,Virginia,8.0,2.0,3.5,2.5,"{-78.75920711359647,38.39843281052632}",Virginia,Unknown
325,231,Spring Mountain,https://www.skiresort.info/ski-resort/spring-mountain/,48.0,Schwenksville,Pennsylvania,8.5,4.0,2.5,2.0,"{-75.45373511538463,40.270599159615394}",Pennsylvania,https://springmountainadventures.com/
326,232,Roundtop,https://www.skiresort.info/ski-resort/roundtop/,73.0,Lewisberry,Pennsylvania,7.5,1.5,3.0,3.0,"{-76.92646233657595,40.106576580544726}",Pennsylvania,https://www.skiroundtop.com/
327,233,Mt. La Crosse,https://www.skiresort.info/ski-resort/mt-la-crosse/,56.0,La Crosse,Wisconsin,7.0,1.5,3.0,2.5,,,
328,234,Sitzmark,https://www.skiresort.info/ski-resort/sitzmark/,45.0,Oroville,Washington State,7.5,2.0,3.0,2.5,"{-119.16062703471076,48.86340478016529}",Washington,http://gositzmark.org/
329,236,Laurel Mountain,https://www.skiresort.info/ski-resort/laurel-mountain/,64.0,Jennerstown,Pennsylvania,8.0,4.0,3.0,1.0,"{-79.16781158749998,40.165443437500016}",Pennsylvania,http://www.skilaurelmountain.com/
330,238,Black Mountain – Rumford,https://www.skiresort.info/ski-resort/black-mountain-rumford/,45.0,Rumford,Maine,8.0,2.0,3.5,2.5,,,
331,239,Alpine Valley Resort – Elkhorn,https://www.skiresort.info/ski-resort/alpine-valley-resort-elkhorn/,66.0,Elkhorn,Wisconsin,4.0,1.5,1.5,1.0,,,
332,242,Cataloochee,https://www.skiresort.info/ski-resort/cataloochee/,70.0,Waynesville,North Carolina,6.0,1.5,3.0,1.5,"{-83.08959602528085,35.55867545449438}",North Carolina,http://cataloochee.com/index-home.php
333,243,Las Vegas Ski and Snowboard Resort – Lee Canyon,https://www.skiresort.info/ski-resort/las-vegas-ski-and-snowboard-resort-lee-canyon/,72.0,Las Vegas,Nevada,7.3,0.3,5.0,2.0,,,
334,246,Powder Ridge Mountain Park & Resort,https://www.skiresort.info/ski-resort/powder-ridge-mountain-park-resort/,49.0,Middlefield,Connecticut,5.5,2.5,2.0,1.0,,,
335,418,Buena Vista,https://www.skiresort.info/ski-resort/buena-vista/,44.0,Bemidji,Minnesota,1.7,0.4,0.8,0.5,"{-94.87744745999998,47.65827804}",Unknown,https://www.bvskiarea.com/
336,248,Mt. Southington,https://www.skiresort.info/ski-resort/mt-southington/,60.0,Southington,Connecticut,5.8,2.0,3.0,0.8,,,
337,251,Wolf Ridge,https://www.skiresort.info/ski-resort/wolf-ridge/,65.0,Mars Hill,North Carolina,6.0,3.0,2.0,1.0,"{-82.50872930769235,35.949537629999995}",North Carolina,https://skiwolfridgenc.com/
338,252,Alpine Valley – White Lake,https://www.skiresort.info/ski-resort/alpine-valley-white-lake/,58.0,White Lake,Michigan,5.8,2.4,1.6,1.8,,,
339,253,Hunt Hollow Ski Club,https://www.skiresort.info/ski-resort/hunt-hollow-ski-club/,58.0,Naples,Finger Lakes,5.0,2.0,2.0,1.0,,,
340,256,Crystal Mountain (MI),https://www.skiresort.info/ski-resort/crystal-mountain-mi/,79.0,Thompsonville,Michigan,4.9,1.2,2.3,1.4,,,
341,257,Nashoba Valley,https://www.skiresort.info/ski-resort/nashoba-valley/,58.0,Westford,Massachusetts,5.8,1.0,3.0,1.8,"{-71.44757206355683,42.541793983090365}",Massachusetts,http://www.skinashoba.com/
342,260,King Pine – Purity Spring Resort,https://www.skiresort.info/ski-resort/king-pine-purity-spring-resort/,58.0,East Madison,New Hampshire,5.3,2.8,1.5,1.0,,,
343,261,Pine Knob,https://www.skiresort.info/ski-resort/pine-knob/,57.0,Clarkston,Michigan,5.0,1.0,2.5,1.5,"{-83.367476401,42.743857155000015}",Michigan,https://www.skipineknob.com/
344,265,Mount Pleasant,https://www.skiresort.info/ski-resort/mount-pleasant/,38.0,Cambridge Springs,Pennsylvania,5.0,2.0,2.0,1.0,,,
345,266,Quechee Lakes Ski Area,https://www.skiresort.info/ski-resort/quechee-lakes-ski-area/,49.0,White River Junction,Vermont,5.0,2.0,2.5,0.5,,,
346,267,Mountain High North,https://www.skiresort.info/ski-resort/mountain-high-north/,84.0,Wrightwood,California,5.0,2.0,3.0,0.0,,,
347,268,Hidden Valley (MO),https://www.skiresort.info/ski-resort/hidden-valley-mo/,49.0,Eureka,Missouri,4.0,1.0,2.0,1.0,,,
348,270,Mount Peter,https://www.skiresort.info/ski-resort/mount-peter/,62.0,Warwick,Hudson Valley,3.8,1.0,2.0,0.8,,,
349,271,Nordic Mountain,https://www.skiresort.info/ski-resort/nordic-mountain/,47.0,Wild Rose,Wisconsin,6.5,2.0,3.0,1.5,,,
350,272,Seven Oaks,https://www.skiresort.info/ski-resort/seven-oaks/,40.0,Boone,Iowa,4.0,1.5,2.0,0.5,"{-93.95495793750001,42.030081962500006}",Iowa,
351,395,Mont du Lac,https://www.skiresort.info/ski-resort/mont-du-lac/,39.99,Superior,Wisconsin,3.9,0.5,1.4,2.0,"{-92.28433,46.652021}",Wisconsin,
352,273,Ober Gatlinburg,https://www.skiresort.info/ski-resort/ober-gatlinburg/,65.0,Gatlinburg,Tennessee,6.2,0.7,4.2,1.3,"{-83.54372348999328,35.706207140381814}",Tennessee,https://obergatlinburg.com/
353,277,Shanty Creek Resorts – Summit Mountain,https://www.skiresort.info/ski-resort/shanty-creek-resorts-summit-mountain/,73.0,Bellaire,Michigan,4.0,0.8,2.5,0.7,,,
354,278,Hilltop – Anchorage,https://www.skiresort.info/ski-resort/hilltop-anchorage/,34.0,Anchorage,Alaska,5.0,4.0,1.0,0.0,,,
355,279,Snowstar,https://www.skiresort.info/ski-resort/snowstar/,35.0,Andalusia,Illinois,4.0,0.5,1.5,2.0,"{-90.74742188333335,41.424462325000015}",Unknown,http://www.skisnowstar.com
356,280,Mystic Mountain – Farmington,https://www.skiresort.info/ski-resort/mystic-mountain-farmington/,43.0,Farmington,Pennsylvania,3.9,2.3,1.0,0.6,,,
357,281,Mt. Ashwabay – Salmo,https://www.skiresort.info/ski-resort/mt-ashwabay-salmo/,24.0,Salmo,Wisconsin,4.0,1.5,1.2,1.3,,,
358,284,Antelope Butte,https://www.skiresort.info/ski-resort/antelope-butte/,20.0,Sheridan,Wyoming,20.0,4.0,10.0,6.0,,,
359,285,Wild Mountain,https://www.skiresort.info/ski-resort/wild-mountain/,56.0,Taylors Falls,Minnesota,4.8,1.1,1.6,2.1,"{-92.70866712442398,45.488448110138236}",Minnesota,http://www.wildmountain.com/
360,287,Treetops,https://www.skiresort.info/ski-resort/treetops/,Empty,Gaylord,Michigan,4.4,0.3,1.9,2.2,"{-84.58941373440867,45.03790704016759}",Michigan,Unknown
361,289,Summit Ski Area at Mt. Hood,https://www.skiresort.info/ski-resort/summit-ski-area-at-mt-hood/,36.0,Governemt Camp,Oregon,4.0,2.0,2.0,0.0,,,
362,290,Skeetawk – Hatcher Pass,https://www.skiresort.info/ski-resort/skeetawk-hatcher-pass/,39.0,Empty,Alaska,2.5,1.0,0.8,0.7,,,
363,291,Great Bear Ski Valley,https://www.skiresort.info/ski-resort/great-bear-ski-valley/,29.0,Sioux Falls,South Dakota,3.8,2.6,1.2,0.0,,,
364,293,McIntyre,https://www.skiresort.info/ski-resort/mcintyre/,38.0,Manchester,New Hampshire,3.0,2.5,0.5,0.0,"{-71.43984541714288,43.005098487619044}",New Hampshire,http://mcintyreskiarea.com/
365,294,Stagecoach Mountain  (temporarily closed),https://www.skiresort.info/ski-resort/stagecoach-mountain/,Empty,Empty,Colorado,Empty,Empty,Empty,Empty,,,
366,295,Elko Snobowl,https://www.skiresort.info/ski-resort/elko-snobowl/,20.0,Elko,Nevada,3.0,1.5,1.5,0.0,,,
367,297,Chester Bowl,https://www.skiresort.info/ski-resort/chester-bowl/,15.0,Duluth,Minnesota,1.3,0.3,0.5,0.5,"{-92.095513343811,46.812249745552}",Minnesota,http://www.chesterbowl.org/
368,298,Blacktail Mountain,https://www.skiresort.info/ski-resort/blacktail-mountain/,42.0,Kalispell,Montana,17.0,3.0,11.0,3.0,"{-114.37238978358366,48.022058191819546}",Montana,Unknown
369,302,Frost Fire Mountain,https://www.skiresort.info/ski-resort/frost-fire-mountain/,37.0,Walhalla,North Dakota,1.5,0.7,0.6,0.2,,,
370,303,Sawmill Mountain Resort,https://www.skiresort.info/ski-resort/sawmill-mountain-resort/,44.0,Morris,Pennsylvania,4.4,0.9,2.5,1.0,,,
371,304,Kendall Mountain – Silverton,https://www.skiresort.info/ski-resort/kendall-mountain-silverton/,25.0,Silverton,Colorado,1.7,1.0,0.5,0.2,,,
372,306,Mt. Holiday,https://www.skiresort.info/ski-resort/mt-holiday/,34.0,Traverse City,Michigan,4.5,1.0,2.0,1.5,,,
373,307,Howelsen Hill – Steamboat Springs,https://www.skiresort.info/ski-resort/howelsen-hill-steamboat-springs/,25.0,Steamboat Springs,Colorado,4.0,1.7,1.5,0.8,,,
374,308,Sunburst,https://www.skiresort.info/ski-resort/sunburst/,44.0,Kewaskum,Wisconsin,3.0,0.5,1.5,1.0,"{-88.22476265660377,43.49427859433962}",Wisconsin,Unknown
375,309,Mt. Jefferson,https://www.skiresort.info/ski-resort/mt-jefferson/,25.0,Lee,Maine,9.5,3.0,4.0,2.5,"{-68.2830797178082,45.354296916438344}",Unknown,http://www.skimtjefferson.com/
376,310,Trollhaugen,https://www.skiresort.info/ski-resort/trollhaugen/,54.0,Dresser,Wisconsin,4.9,2.5,1.5,0.9,"{-92.62017964946234,45.349065351612886}",Wisconsin,Unknown
377,311,Alpine Valley Ohio,https://www.skiresort.info/ski-resort/alpine-valley-ohio/,45.0,Chesterland,Ohio,2.6,1.2,1.2,0.2,,,
378,312,Echo Mountain Park – Idaho Springs,https://www.skiresort.info/ski-resort/echo-mountain-park-idaho-springs/,65.0,Idaho Springs,Colorado,3.0,2.0,1.0,0.0,,,
379,313,Hyland Hills,https://www.skiresort.info/ski-resort/hyland-hills/,35.34,Bloomington,Minnesota,1.2,0.6,0.4,0.2,,,
380,315,Willard Mountain – Greenwich,https://www.skiresort.info/ski-resort/willard-mountain-greenwich/,47.0,Greenwich,Capital-Saratoga Region,2.8,0.6,1.4,0.8,,,
381,316,Christmas Mountain,https://www.skiresort.info/ski-resort/christmas-mountain/,45.0,Wisconsin Dells,Wisconsin,2.0,1.3,0.5,0.2,"{-89.86161508750001,43.60764976250001}",Wisconsin,Unknown
382,318,Mt. Abram,https://www.skiresort.info/ski-resort/mt-abram/,49.0,Empty,Maine,14.5,3.5,7.0,4.0,"{-70.71249863539029,44.37514109800363}",Maine,http://www.mtabram.com/
383,445,Hillberg Ski Area,https://www.skiresort.info/ski-resort/hillberg-ski-area/,20.0,Anchorage,Alaska,1.2,0.9,0.3,0.0,,,
384,319,Bald Mountain,https://www.skiresort.info/ski-resort/bald-mountain/,20.0,Lewiston,Idaho,9.0,3.0,4.0,2.0,"{-114.39295737170914,43.66451139390962}",Idaho,http://www.sunvalley.com
385,320,Snow Snake,https://www.skiresort.info/ski-resort/snow-snake/,35.0,Harrison,Michigan,3.0,1.0,1.5,0.5,"{-84.77029,43.959182}",Michigan,Unknown
386,322,Berkshire East,https://www.skiresort.info/ski-resort/berkshire-east/,72.0,Greenfield,Massachusetts,13.0,6.0,4.0,3.0,"{-72.8731336236842,42.617122044956155}",Massachusetts,https://berkshireeast.com/
387,323,Peek'n Peak,https://www.skiresort.info/ski-resort/peekn-peak/,63.0,Clymer,Chautauqua-Allegheny,15.0,4.0,8.0,3.0,"{-79.73970200000001,42.06459132000001}",New York,
388,324,Heiliger Huegel – Hubertus,https://www.skiresort.info/ski-resort/heiliger-huegel-hubertus/,Empty,Hubertus,Wisconsin,1.2,0.6,0.4,0.2,,,
389,329,The Balsams,https://www.skiresort.info/ski-resort/the-balsams/,Empty,Colebrook,New Hampshire,12.6,3.4,4.0,5.2,"{-71.321182250977,44.85720735854398}",New Hampshire,https://thebalsamsresort.com/vision/ski-expansion/
390,330,Val Bialas Ski Center – Utica,https://www.skiresort.info/ski-resort/val-bialas-ski-center-utica/,Empty,Utica,Central New York,1.8,0.8,0.4,0.6,,,
391,331,Yawgoo Valley,https://www.skiresort.info/ski-resort/yawgoo-valley/,50.0,Kingston,Rhode Island,2.5,1.5,1.0,0.0,"{-71.52980286126123,41.51703363693691}",Rhode Island,http://www.yawgoo.com
392,334,Black Mountain – Jackson,https://www.skiresort.info/ski-resort/black-mountain-jackson/,59.0,Jackson,New Hampshire,12.0,6.0,4.0,2.0,,,
393,335,Big Tupper – Tupper Lake,https://www.skiresort.info/ski-resort/big-tupper-tupper-lake/,Empty,Tupper Lake,The Adirondacks,12.0,5.0,5.0,2.0,,,
394,338,Devil's Head,https://www.skiresort.info/ski-resort/devils-head/,65.0,Baraboo,Wisconsin,10.0,3.0,3.5,3.5,"{-89.62901657936506,43.42237466428573}",Wisconsin,Unknown
395,339,Jack Frost Mountain,https://www.skiresort.info/ski-resort/jack-frost-mountain/,65.0,Blakeslee,Pennsylvania,12.0,6.0,5.5,0.5,,,
396,340,Canaan Valley,https://www.skiresort.info/ski-resort/canaan-valley/,78.0,Davis,West Virginia,10.0,3.0,4.0,3.0,"{-79.43650891065994,39.00435193654822}",West Virginia,Unknown
397,341,Magic Mountain Resort,https://www.skiresort.info/ski-resort/magic-mountain-resort/,33.0,Kimberly,Idaho,10.5,3.5,3.0,4.0,,,
398,342,Porcupine Mountain,https://www.skiresort.info/ski-resort/porcupine-mountain/,43.0,Ontonagon,Michigan,9.7,3.2,3.5,3.0,,,
399,343,Woodbury  (temporarily closed),https://www.skiresort.info/ski-resort/woodbury/,Empty,Woodbury,Connecticut,9.6,3.5,3.5,2.6,,,
400,344,Warner Canyon – Lakeview,https://www.skiresort.info/ski-resort/warner-canyon-lakeview/,35.0,Lakeview,Oregon,9.9,2.4,1.6,5.9,,,
401,345,The Whitecap Mountains,https://www.skiresort.info/ski-resort/the-whitecap-mountains/,60.0,Upson,Wisconsin,9.0,4.0,2.0,3.0,,,
402,346,Blackjack,https://www.skiresort.info/ski-resort/blackjack/,65.0,Ironwood,Michigan,10.0,2.0,4.0,4.0,"{-90.00503480224886,46.50191079016609}",Unknown,https://www.bigsnow.com/
403,348,Indianhead Mountain,https://www.skiresort.info/ski-resort/indianhead-mountain/,65.0,Wakefield,Michigan,10.0,2.0,3.0,5.0,"{-89.97261523068153,46.50280594221242}",Michigan,https://www.bigsnow.com/
404,349,Hidden Valley (PA),https://www.skiresort.info/ski-resort/hidden-valley-pa/,69.0,Somerset,Pennsylvania,9.0,4.0,3.0,2.0,,,
405,350,Cloudcroft,https://www.skiresort.info/ski-resort/cloudcroft/,45.0,Cloudcroft,New Mexico,10.0,4.0,2.0,4.0,"{-105.70774255192094,32.94758826767568}",New Mexico,http://www.skicloudcroft.net/
406,351,Sunrise Park,https://www.skiresort.info/ski-resort/sunrise-park/,74.0,Greer,Arizona,Empty,Empty,Empty,Empty,"{-109.56758398713364,33.95407690749185}",Arizona,http://sunriseskiparkaz.com/
407,352,Oglebay Resort,https://www.skiresort.info/ski-resort/oglebay-resort/,28.0,Empty,West Virginia,1.0,1.0,0.0,0.0,,,
408,354,Denton Hill State Park  (temporarily closed),https://www.skiresort.info/ski-resort/denton-hill-state-park/,Empty,Coudersport,Pennsylvania,8.0,4.0,2.0,2.0,,,
409,355,Woodward Park City,https://www.skiresort.info/ski-resort/woodward-park-city/,Empty,Summit Park,Salt Lake City,0.5,0.3,0.2,0.0,"{-111.58428840724156,40.75278143097761}",Utah,http://www.gorgoza.com/
410,356,Hickory Ski Center  (temporarily closed),https://www.skiresort.info/ski-resort/hickory-ski-center/,Empty,Warrensburg,The Adirondacks,8.0,3.0,3.0,2.0,,,
411,358,Mt. Holly,https://www.skiresort.info/ski-resort/mt-holly/,45.0,Holly,Michigan,7.0,1.0,2.5,3.5,"{-83.56552506218488,42.82866638319329}",Michigan,http://www.skimtholly.com
412,359,Ausblick – Sussex,https://www.skiresort.info/ski-resort/ausblick-sussex/,30.0,Sussex,Wisconsin,1.4,0.8,0.6,0.0,,,
413,361,Villa Olivia – Bartlett,https://www.skiresort.info/ski-resort/villa-olivia-bartlett/,40.0,Bartlett,Illinois,1.4,0.2,0.6,0.6,,,
414,365,Big Snow American Dream (indoor ski area),https://www.skiresort.info/ski-resort/big-snow-american-dream/,Empty,East Rutherford,New Jersey,0.5,0.3,0.2,0.0,,,
415,366,Welch Village,https://www.skiresort.info/ski-resort/welch-village/,60.0,Red Wing,Minnesota,6.0,2.0,2.0,2.0,"{-92.7300899032911,44.55546296025319}",Minnesota,http://www.welchvillage.com/
416,369,Lonesome Pine Trails – Fort Kent,https://www.skiresort.info/ski-resort/lonesome-pine-trails-fort-kent/,25.0,Fort Kent,Maine,4.6,1.0,1.6,2.0,,,
417,370,Sundown,https://www.skiresort.info/ski-resort/sundown/,62.0,New Hartford,Connecticut,5.8,2.7,1.4,1.7,"{-72.9411326284314,41.88323858676469}",Connecticut,http://www.skisundown.com/
418,371,Chestnut Mountain,https://www.skiresort.info/ski-resort/chestnut-mountain/,60.0,Dubuque,Illinois,6.0,2.0,3.0,1.0,"{-90.39842720769234,42.318251596503494}",Illinois,https://www.chestnutmtn.com/
419,372,Appalachian Ski Mountain,https://www.skiresort.info/ski-resort/appalachian-ski-mountain/,64.0,Boone,North Carolina,5.0,2.0,2.5,0.5,,,
420,373,Blandford,https://www.skiresort.info/ski-resort/blandford/,45.0,Springfield,Massachusetts,5.0,2.0,2.0,1.0,"{-72.90076805555597,42.18885138888901}",Massachusetts,
421,374,Christie Mountain,https://www.skiresort.info/ski-resort/christie-mountain/,38.0,Rice Lake,Wisconsin,5.6,2.8,1.5,1.3,"{-91.38285083999999,45.50786413}",Wisconsin,Unknown
422,419,Crescent Hills,https://www.skiresort.info/ski-resort/crescent-hills/,39.0,Omaha,Iowa,2.0,0.8,0.8,0.4,,,
423,377,Cuchara Mountain Park,https://www.skiresort.info/ski-resort/cuchara-mountain-park/,Empty,Empty,Colorado,6.0,2.0,3.0,1.0,,,
424,379,Rotarun,https://www.skiresort.info/ski-resort/rotarun/,Empty,Hailey,Idaho,4.6,1.1,2.0,1.5,"{-114.36522753364034,43.49622023356876}",Idaho,http://rotarunskiarea.org/
425,381,Snowhaven,https://www.skiresort.info/ski-resort/snowhaven/,20.0,Grangeville,Idaho,3.0,1.5,1.5,0.0,"{-116.09315238260868,45.86777485978261}",Unknown,http://www.grangeville.us/idahocounty/snowhaven/index.htm
426,382,Bradford,https://www.skiresort.info/ski-resort/bradford/,55.0,Boston,Massachusetts,4.0,1.5,1.5,1.0,"{-71.05654633333333,42.74322110000001}",Massachusetts,Unknown
427,383,Tyrol Basin – Mt Horeb,https://www.skiresort.info/ski-resort/tyrol-basin-mt-horeb/,48.0,Mount Horeb,Wisconsin,4.2,1.2,1.5,1.5,,,
428,385,The Omni Homestead,https://www.skiresort.info/ski-resort/the-omni-homestead/,57.0,Hot Springs,Virginia,3.0,1.0,1.0,1.0,,,
429,386,Holiday Mountain (NY),https://www.skiresort.info/ski-resort/holiday-mountain-ny/,42.0,Rock Hill,The Catskills,4.0,1.0,2.0,1.0,,,
430,387,The Homestead Resort,https://www.skiresort.info/ski-resort/the-homestead-resort/,45.0,Glen Arbor,Michigan,4.0,1.0,2.0,1.0,,,
431,388,Cazenovia,https://www.skiresort.info/ski-resort/cazenovia/,Empty,Cazenovia,Central New York,2.3,0.6,0.7,1.0,"{-75.854870525,42.977260124999994}",New York,http://www.skicaz.com/cazskiclub/
432,389,Elk Ridge – Williams,https://www.skiresort.info/ski-resort/elk-ridge-williams/,40.0,Williams,Arizona,3.0,0.6,1.5,0.9,,,
433,391,Blue Hills,https://www.skiresort.info/ski-resort/blue-hills/,45.0,Boston,Massachusetts,3.0,1.5,1.0,0.5,"{-71.1171036590909,42.2151583318182}",Massachusetts,Unknown
434,392,Winter Park – Kewaunee County,https://www.skiresort.info/ski-resort/winter-park-kewaunee-county/,15.0,Birchwood,Wisconsin,1.1,0.5,0.5,0.1,,,
435,394,Timber Ridge,https://www.skiresort.info/ski-resort/timber-ridge/,45.0,Gobles,Michigan,3.2,1.2,1.6,0.4,"{-85.78295261184218,42.39224208712904}",Michigan,Unknown
436,397,Woods Valley,https://www.skiresort.info/ski-resort/woods-valley/,43.0,Westernville,Central New York,4.0,2.0,1.5,0.5,"{-75.37851540722222,43.29825265388891}",New York,Unknown
437,398,Mount Greylock – South Williamstown,https://www.skiresort.info/ski-resort/mount-greylock-south-williamstown/,Empty,Williamstown,Massachusetts,4.8,1.2,3.0,0.6,,,
438,399,Skyline – Friendship,https://www.skiresort.info/ski-resort/skyline-friendship/,Empty,Friendship,Wisconsin,1.7,1.0,0.4,0.3,,,
439,400,Sundown Mountain Resort,https://www.skiresort.info/ski-resort/sundown-mountain-resort/,46.0,Dubuque,Iowa,3.2,1.3,1.6,0.3,,,
440,404,Ascutney Mountain,https://www.skiresort.info/ski-resort/ascutney-mountain/,Empty,Empty,Vermont,1.8,1.2,0.6,0.0,,,
441,405,Storrs Hill – Lebanon,https://www.skiresort.info/ski-resort/storrs-hill-lebanon/,15.0,Lebanon,New Hampshire,1.0,0.7,0.3,0.0,,,
442,407,Whitetail Ridge – Fort McCoy,https://www.skiresort.info/ski-resort/whitetail-ridge-fort-mccoy/,27.0,Fort McCoy,Wisconsin,1.2,0.7,0.5,0.0,,,
443,408,Granlibakken,https://www.skiresort.info/ski-resort/granlibakken/,40.0,Granlibakken,Lake Tahoe,2.0,1.0,1.0,0.0,"{-120.15410478888887,39.15386567777778}",California,http://www.granlibakken.com/
444,409,Big Boulder,https://www.skiresort.info/ski-resort/big-boulder/,65.0,Allentown,Pennsylvania,4.0,3.0,1.0,0.0,"{-75.60104986984125,41.04715227936506}",Unknown,https://jfbb.com/
445,410,Bruce Mound,https://www.skiresort.info/ski-resort/bruce-mound/,31.0,Black River Falls,Wisconsin,2.0,1.0,0.5,0.5,"{-90.78922544599999,44.444610409999996}",Wisconsin,http://www.co.clark.wi.us/index.aspx?nid=237
446,413,Echo Valley – Lake Chelan,https://www.skiresort.info/ski-resort/echo-valley-lake-chelan/,30.0,Chelan,Washington State,2.4,0.2,1.2,1.0,,,
447,414,Veterans Memorial – Franklin,https://www.skiresort.info/ski-resort/veterans-memorial-franklin/,Empty,Franklin,New Hampshire,1.0,0.6,0.4,0.0,,,
448,416,Coffee Mill Ski Area,https://www.skiresort.info/ski-resort/coffee-mill-ski-area/,37.0,Wabasha,Minnesota,2.0,1.0,0.6,0.4,,,
449,417,Swiss Valley,https://www.skiresort.info/ski-resort/swiss-valley/,42.0,Jones,Michigan,1.8,0.4,1.1,0.3,"{-85.82506849164282,41.95276148132997}",Michigan,
450,420,Grand Geneva,https://www.skiresort.info/ski-resort/grand-geneva/,55.0,Lake Geneva,Wisconsin,1.8,1.2,0.4,0.2,"{-88.38847773818182,42.61065744545454}",Wisconsin,Unknown
451,423,Spruce Mountain – Jay,https://www.skiresort.info/ski-resort/spruce-mountain-jay/,25.0,Livermore Falls,Maine,2.4,0.6,1.4,0.4,,,
452,424,Dry Hill,https://www.skiresort.info/ski-resort/dry-hill/,40.0,Watertown,Thousand Islands-Seaway,2.4,0.7,1.2,0.5,"{-75.90179106129035,43.92915966774193}",New York,http://skidryhill.com
453,425,Polar Peak,https://www.skiresort.info/ski-resort/polar-peak/,Empty,Ancram,Hudson Valley,1.9,1.0,0.5,0.4,"{-73.69603822262894,42.125526869713}",New York,http://www.polarpeak.com/
454,426,The Ridge – Le Roy,https://www.skiresort.info/ski-resort/the-ridge-le-roy/,Empty,Empty,Greater Niagara,0.7,0.4,0.3,0.0,,,
455,429,Red Hill – Moultonborough,https://www.skiresort.info/ski-resort/red-hill-moultonborough/,Empty,Moultonborough,New Hampshire,1.0,0.4,0.4,0.2,,,
456,430,Fox Hill,https://www.skiresort.info/ski-resort/fox-hill/,Empty,West Bend,Wisconsin,1.0,0.5,0.3,0.2,"{-88.252064444444,43.375017777778}",Wisconsin,http://www.foxhill.org/
457,431,Abenaki,https://www.skiresort.info/ski-resort/abenaki/,Empty,Empty,New Hampshire,2.0,1.2,0.5,0.3,"{-71.23021760925928,43.608061000000006}",New Hampshire,http://www.wolfeboronh.us/abenaki-ski-area
458,432,Buckhorn Ski and Snowboard Club,https://www.skiresort.info/ski-resort/buckhorn-ski-and-snowboard-club/,Empty,La Cañada Flintridge,California,1.2,0.2,0.6,0.4,,,
459,433,Northeast Slopes – East Corinth,https://www.skiresort.info/ski-resort/northeast-slopes-east-corinth/,15.0,East Corinth,Vermont,2.2,1.2,1.0,0.0,,,
460,435,Cochran Ski Area,https://www.skiresort.info/ski-resort/cochran-ski-area/,25.0,Burlington,Vermont,1.2,0.6,0.5,0.1,,,
461,438,Pinnacle Park – Pittsfield,https://www.skiresort.info/ski-resort/pinnacle-park-pittsfield/,Empty,Pittsfield,Maine,0.7,0.3,0.2,0.2,,,
462,440,Quoggy Jo Ski Center – Presque Isle,https://www.skiresort.info/ski-resort/quoggy-jo-ski-center-presque-isle/,8.0,Presque Isle,Maine,0.8,0.8,0.0,0.0,,,
463,441,Badger Mountain,https://www.skiresort.info/ski-resort/badger-mountain/,10.0,Wenatchee,Washington State,2.5,2.0,0.5,0.0,"{-120.12951907560978,47.61159239756098}",Washington,http://www.ci.waterville.wa.us/ski%20hill.htm
464,443,Eaton Mountain,https://www.skiresort.info/ski-resort/eaton-mountain/,15.0,Skowhegan,Maine,2.0,1.5,0.5,0.0,"{-69.62410150588234,44.7678807411765}",Unknown,http://www.eatonmountain.com/home.html
465,444,Pando Park  (temporarily closed),https://www.skiresort.info/ski-resort/pando-park/,22.0,Rockford,Michigan,1.3,1.0,0.3,0.0,,,
466,448,Living Memorial Park – Brattleboro,https://www.skiresort.info/ski-resort/living-memorial-park-brattleboro/,5.0,Brattleboro,Vermont,0.5,0.5,0.0,0.0,,,
467,449,Alta Sierra – Shirley Meadows,https://www.skiresort.info/ski-resort/alta-sierra-shirley-meadows/,50.0,Bakersfield,California,1.5,1.3,0.2,0.0,,,
468,452,Fort Wainwright/​Birch Hill – Fairbanks,https://www.skiresort.info/ski-resort/fort-wainwrightbirch-hill-fairbanks/,Empty,Fairbanks,Alaska,1.8,1.5,0.3,0.0,,,
469,454,Mt. Eustis – Littleton  (temporarily closed),https://www.skiresort.info/ski-resort/mt-eustis-littleton/,Empty,Empty,New Hampshire,1.2,0.5,0.7,0.0,,,
470,455,Challenge Mountain – Walloon Lake,https://www.skiresort.info/ski-resort/challenge-mountain-walloon-lake/,Empty,Walloon Lake,Michigan,1.2,0.9,0.3,0.0,,,
471,456,Mount Prospect – Lancaster,https://www.skiresort.info/ski-resort/mount-prospect-lancaster/,Empty,Lancaster,New Hampshire,0.8,0.5,0.3,0.0,,,
472,457,Triangle Sports Area – Green Bay,https://www.skiresort.info/ski-resort/triangle-sports-area-green-bay/,Empty,Green Bay,Wisconsin,0.6,0.5,0.1,0.0,,,
473,458,Blackhawk Ski Club – Middleton,https://www.skiresort.info/ski-resort/blackhawk-ski-club-middleton/,Empty,Middleton,Wisconsin,0.8,0.6,0.2,0.0,,,
474,461,Four Lakes,https://www.skiresort.info/ski-resort/four-lakes/,28.0,Lisle,Illinois,1.0,1.0,0.0,0.0,"{-88.08394075,41.78073735}",Illinois,http://www.skifourlakes.com
475,462,The Rock Snow Park,https://www.skiresort.info/ski-resort/the-rock-snow-park/,40.0,Milwaukee,Wisconsin,1.0,1.0,0.0,0.0,,,
476,464,Villa Roma,https://www.skiresort.info/ski-resort/villa-roma/,Empty,Callicoon,The Catskills,1.7,1.7,0.0,0.0,"{-74.96928691864002,41.763981731863}",New York,http://www.villaroma.com/
477,467,Four Seasons,https://www.skiresort.info/ski-resort/four-seasons/,24.0,Fayetteville,Finger Lakes,0.5,0.4,0.1,0.0,"{-79.39716339111305,39.037586322706}",West Virginia,https://timberlinemountain.com
478,469,Adventure Mountain – Greenland,https://www.skiresort.info/ski-resort/adventure-mountain-greenland/,Empty,Greenland,Michigan,0.5,0.2,0.3,0.0,,,
479,472,Aldis Hill Park – St. Albans,https://www.skiresort.info/ski-resort/aldis-hill-park-st-albans/,Empty,Empty,Vermont,0.4,0.2,0.2,0.0,,,
480,473,Ruby Mountain,https://www.skiresort.info/ski-resort/ruby-mountain/,Empty,Lamoille,Empty,Empty,Empty,Empty,Empty,,,
481,474,North Cascade Heliskiing – Mazama,https://www.skiresort.info/ski-resort/north-cascade-heliskiing-mazama/,Empty,Mazama,Empty,Empty,Empty,Empty,Empty,,,
482,475,Powderhouse Hill – South Berwick,https://www.skiresort.info/ski-resort/powderhouse-hill-south-berwick/,5.0,South Berwick,Maine,0.5,0.5,0.0,0.0,,,
483,476,Keyes Peak – Florence,https://www.skiresort.info/ski-resort/keyes-peak-florence/,12.0,Florence,Wisconsin,0.5,0.5,0.0,0.0,,,
484,477,Salmonberry – Valdez,https://www.skiresort.info/ski-resort/salmonberry-valdez/,Empty,Valdez,Alaska,0.4,0.4,0.0,0.0,,,
485,479,Great Northern Powder Guides,https://www.skiresort.info/ski-resort/great-northern-powder-guides/,Empty,Whitefish, read more,Empty,Empty,Empty,Empty,,,
486,480,Cascade Powder Guides,https://www.skiresort.info/ski-resort/cascade-powder-guides/,Empty,Empty,Empty,Empty,Empty,Empty,Empty,,,
487,481,Petoskey Winter Sports Park,https://www.skiresort.info/ski-resort/petoskey-winter-sports-park/,Empty,Petoskey,Michigan,0.2,0.2,0.0,0.0,,,
488,483,Nutt Hill – Plymouth,https://www.skiresort.info/ski-resort/nutt-hill-plymouth/,Empty,Plymouth,Wisconsin,0.2,0.2,0.0,0.0,,,
489,484,Winterplace,https://www.skiresort.info/ski-resort/winterplace/,54.0,Ghent,West Virginia,Empty,Empty,Empty,Empty,"{-81.11924054174456,37.595094009657316}",West Virginia,Unknown
490,485,Texas Ski Ranch – New Braunfels (dry slopes),https://www.skiresort.info/ski-resort/texas-ski-ranch-new-braunfels/,27.0,New Braunfels,Texas,0.1,0.1,0.0,0.0,,,
491,486,Dynamite Hill – Chestertown,https://www.skiresort.info/ski-resort/dynamite-hill-chestertown/,Empty,Chestertown,The Adirondacks,0.2,0.2,0.0,0.0,,,
492,487,Cockaigne Resort,https://www.skiresort.info/ski-resort/cockaigne-resort/,38.0,Empty,Chautauqua-Allegheny,Empty,Empty,Empty,Empty,,,
493,488,Bittersweet,https://www.skiresort.info/ski-resort/bittersweet/,48.0,Kalamazoo,Michigan,Empty,Empty,Empty,Empty,"{-85.76101035,42.465057542857146}",Michigan,
494,489,Eagle Rock,https://www.skiresort.info/ski-resort/eagle-rock/,Empty,Hazleton,Pennsylvania,Empty,Empty,Empty,Empty,"{-76.10677225027628,40.92591690828731}",Pennsylvania,http://ddresorts.com
495,490,Snöbahn – Centennial,https://www.skiresort.info/ski-resort/snoebahn-centennial/,Empty,Centennial,Colorado,0.1,0.1,0.0,0.0,,,
496,491,Maple Valley  (temporarily closed),https://www.skiresort.info/ski-resort/maple-valley/,Empty,Empty,Vermont,Empty,Empty,Empty,Empty,,,
497,493,Paul Bunyan Ski Hill,https://www.skiresort.info/ski-resort/paul-bunyan-ski-hill/,Empty,Empty,Wisconsin,Empty,Empty,Empty,Empty,,,
498,495,Mt. Bailey,https://www.skiresort.info/ski-resort/mt-bailey/,385.0,Empty,Empty,Empty,Empty,Empty,Empty,,,
499,496,Inside Ski Training Center – Leesburg (dry slopes),https://www.skiresort.info/ski-resort/inside-ski-training-center-leesburg/,Empty,Leesburg,Virginia,0.1,0.1,0.0,0.0,,,
500,497,Eagle Island Park,https://www.skiresort.info/ski-resort/eagle-island-park/,Empty,Eagle,Idaho,0.1,0.1,0.0,0.0,,,
501,498,WinterClub Indoor Ski & Snowboard – Winter Park (dry slopes),https://www.skiresort.info/ski-resort/winterclub-indoor-ski-snowboard-winter-park/,Empty,Winter Park,Florida,0.1,0.1,0.0,0.0,,,
502,499,Sand Master Park – Florence (sand ski area),https://www.skiresort.info/ski-resort/sand-master-park-florence/,Empty,Florence,Empty,0.1,0.0,0.0,0.1,,,
503,500,Diamond Peaks,https://www.skiresort.info/ski-resort/diamond-peaks/,Empty,Huntsville (Utah),Empty,Empty,Empty,Empty,Empty,,,
504,501,Valdez Heli-Ski Guides,https://www.skiresort.info/ski-resort/valdez-heli-ski-guides/,Empty,Empty,Empty,Empty,Empty,Empty,Empty,,,
505,502,Yukon Alpine Heliskiing,https://www.skiresort.info/ski-resort/yukon-alpine-heliskiing/,Empty,Empty,Empty,Empty,Empty,Empty,Empty,,,
506,503,H2O Guides,https://www.skiresort.info/ski-resort/h2o-guides/,Empty,Empty,Empty,Empty,Empty,Empty,Empty,,,
507,504,Points North Heli Adventures,https://www.skiresort.info/ski-resort/points-north-heli-adventures/,Empty,Empty,Empty,Empty,Empty,Empty,Empty,,,
508,505,Green Mountain – Bush Creek Ranch,https://www.skiresort.info/ski-resort/green-mountain-bush-creek-ranch/,Empty,Empty,Empty,Empty,Empty,Empty,Empty,,,
509,506,Whisper Ridge,https://www.skiresort.info/ski-resort/whisper-ridge/,Empty,Empty,Empty,Empty,Empty,Empty,Empty,,,
510,507,Jerry's Heliski Alaska,https://www.skiresort.info/ski-resort/jerrys-heliski-alaska/,Empty,Empty,Empty,Empty,Empty,Empty,Empty,,,
511,508,Powderbird,https://www.skiresort.info/ski-resort/powderbird/,Empty,Empty,Empty,Empty,Empty,Empty,Empty,,,
512,510,Mayflower Mountain Resort (planned),https://www.skiresort.info/ski-resort/mayflower-mountain-resort-planned/,Empty,Empty,info@skiresort-service.com,Empty,Empty,Empty,Empty,,,
513,511,Las Vegas Wet (planned) (indoor ski area),https://www.skiresort.info/ski-resort/las-vegas-wet-planned/,Empty,Empty,info@skiresort-service.com,Empty,Empty,Empty,Empty,,,
514,512,Huntington,https://www.skiresort.info/ski-resort/huntington/,Empty,Empty,info@skiresort-service.com,Empty,Empty,Empty,Empty,,,
515,513,Carson Ski Resort,https://www.skiresort.info/ski-resort/carson-ski-resort/,Empty,Empty,info@skiresort-service.com,Empty,Empty,Empty,Empty,,,
516,514,Bearfire Resort – Dallas-Fort Worth (planned) (indoor ski area),https://www.skiresort.info/ski-resort/bearfire-resort-dallas-fort-worth-planned/,Empty,Empty,info@skiresort-service.com,Empty,Empty,Empty,Empty,,,
517,515,Seacoast Snow Park,https://www.skiresort.info/ski-resort/seacoast-snow-park/,Empty,Empty,info@skiresort-service.com,Empty,Empty,Empty,Empty,,,
518,516,Ravenswood,https://www.skiresort.info/ski-resort/ravenswood/,Empty,Empty,info@skiresort-service.com,Empty,Empty,Empty,Empty,,,
519,518,Potawatomi Park,https://www.skiresort.info/ski-resort/potawatomi-park/,Empty,Empty,info@skiresort-service.com,Empty,Empty,Empty,Empty,,,
520,519,Scotch Valley Resort  (temporarily closed),https://www.skiresort.info/ski-resort/scotch-valley-resort/,Empty,Empty,info@skiresort-service.com,Empty,Empty,Empty,Empty,,,
521,520,Quadna Mountain,https://www.skiresort.info/ski-resort/quadna-mountain/,Empty,Empty,info@skiresort-service.com,Empty,Empty,Empty,Empty,,,
522,521,Mt. Zion Hill,https://www.skiresort.info/ski-resort/mt-zion-hill/,Empty,Empty,info@skiresort-service.com,Empty,Empty,Empty,Empty,,,
523,522,Mt. Mc Sauba,https://www.skiresort.info/ski-resort/mt-mc-sauba/,Empty,Empty,info@skiresort-service.com,Empty,Empty,Empty,Empty,,,
524,523,Shu-Maker Mountain – Little Falls,https://www.skiresort.info/ski-resort/shu-maker-mountain-little-falls/,Empty,Empty,info@skiresort-service.com,Empty,Empty,Empty,Empty,,,
525,524,Nor-Ski Runs – Decorah,https://www.skiresort.info/ski-resort/nor-ski-runs-decorah/,Empty,Empty,info@skiresort-service.com,Empty,Empty,Empty,Empty,,,
526,525,North Bicentennial Park,https://www.skiresort.info/ski-resort/north-bicentennial-park/,Empty,Empty,info@skiresort-service.com,Empty,Empty,Empty,Empty,,,
527,526,Sunset Ski Area,https://www.skiresort.info/ski-resort/sunset-ski-area/,Empty,Empty,info@skiresort-service.com,Empty,Empty,Empty,Empty,,,
528,527,Sierra Summit,https://www.skiresort.info/ski-resort/sierra-summit/,Empty,Empty,info@skiresort-service.com,Empty,Empty,Empty,Empty,"{-119.15626061153081,37.22744420103841}",Unknown,http://www.skichinapeak.com/
529,529,Fairmont Hot Springs – Fairmont,https://www.skiresort.info/ski-resort/fairmont-hot-springs-fairmont/,Empty,Empty,info@skiresort-service.com,Empty,Empty,Empty,Empty,,,
530,530,Plumtree Ski Hill (Fawnridge),https://www.skiresort.info/ski-resort/plumtree-ski-hill-fawnridge/,Empty,Empty,info@skiresort-service.com,Empty,Empty,Empty,Empty,,,
531,531,Black Rapid,https://www.skiresort.info/ski-resort/black-rapid/,Empty,Empty,info@skiresort-service.com,Empty,Empty,Empty,Empty,,,
